year,ticker,annual_return,group,spy_return,alpha_vs_spy,beat_spy,qqq_return,alpha_vs_qqq,beat_qqq
2017,QQQ,0.32663529240586864,ACTIVE_10,0.21705369394049656,0.10958159846537208,True,0.3266353834563378,-9.105046916424442e-08,False
2018,QQQ,-0.0012622148699651392,ACTIVE_10,-0.04568978481733965,0.04442756994737451,True,-0.001261800995099982,-4.138748651572044e-07,False
2019,QQQ,0.38961578889243653,ACTIVE_10,0.31223870646836804,0.07737708242406849,True,0.3896155238370911,2.650553454497384e-07,True
2020,QQQ,0.4840606151469875,ACTIVE_10,0.18331624110147282,0.3007443740455147,True,0.4840608796460244,-2.644990368949607e-07,False
2021,QQQ,0.2741977130766162,ACTIVE_10,0.2872874938081522,-0.013089780731535994,False,0.2741975024097987,2.1066681754611238e-07,True
2022,QQQ,-0.32577015241010454,ACTIVE_10,-0.18175362536271722,-0.14401652704738732,False,-0.32577015419918554,1.789080994463177e-09,True
2023,QQQ,0.5485560427649636,ACTIVE_10,0.2617578836134973,0.28679815915146634,True,0.5485556805609806,3.6220398302866386e-07,True
2024,QQQ,0.25578264727390376,ACTIVE_10,0.24886476304115313,0.006917884232750637,True,0.25578264727390376,0.0,False
2025,QQQ,0.2077254825855681,ACTIVE_10,0.17719055511914772,0.030534927466420392,True,0.2077254825855681,0.0,False
2026,QQQ,0.17112659960592147,ACTIVE_10,0.11277168154779438,0.05835491805812709,True,0.17112659960592147,0.0,False
2017,NVDA,0.8198793382592451,ACTIVE_10,0.21705369394049656,0.6028256443187485,True,0.3266353834563378,0.4932439548029073,True
2018,NVDA,-0.30815251718177994,ACTIVE_10,-0.04568978481733965,-0.2624627323644403,False,-0.001261800995099982,-0.30689071618667996,False
2019,NVDA,0.7694302072713153,ACTIVE_10,0.31223870646836804,0.45719150080294724,True,0.3896155238370911,0.3798146834342242,True
2020,NVDA,1.2229566058411594,ACTIVE_10,0.18331624110147282,1.0396403647396866,True,0.4840608796460244,0.738895726195135,True
2021,NVDA,1.254820875417023,ACTIVE_10,0.2872874938081522,0.9675333816088707,True,0.2741975024097987,0.9806233730072242,True
2022,NVDA,-0.502646429957595,ACTIVE_10,-0.18175362536271722,-0.3208928045948778,False,-0.32577015419918554,-0.17687627575840947,False
2023,NVDA,2.3901721893043755,ACTIVE_10,0.2617578836134973,2.128414305690878,True,0.5485556805609806,1.8416165087433949,True
2024,NVDA,1.7124928099396381,ACTIVE_10,0.24886476304115313,1.463628046898485,True,0.25578264727390376,1.4567101626657344,True
2025,NVDA,0.3891653167692817,ACTIVE_10,0.17719055511914772,0.21197476165013396,True,0.2077254825855681,0.18143983418371357,True
2026,NVDA,0.14079987221049217,ACTIVE_10,0.11277168154779438,0.028028190662697794,True,0.17112659960592147,-0.030326727395429298,False
2017,TSM,0.4240665043056815,ACTIVE_10,0.21705369394049656,0.20701281036518493,True,0.3266353834563378,0.09743112084934369,True
2018,TSM,-0.035058201314916215,ACTIVE_10,-0.04568978481733965,0.010631583502423436,True,-0.001261800995099982,-0.03379640031981623,False
2019,TSM,0.6484189512215814,ACTIVE_10,0.31223870646836804,0.3361802447532134,True,0.3896155238370911,0.25880342738449036,True
2020,TSM,0.9266829703754067,ACTIVE_10,0.18331624110147282,0.7433667292739339,True,0.4840608796460244,0.4426220907293823,True
2021,TSM,0.12094666783022556,ACTIVE_10,0.2872874938081522,-0.16634082597792665,False,0.2741975024097987,-0.15325083457957311,False
2022,TSM,-0.3674844874375912,ACTIVE_10,-0.18175362536271722,-0.185730862074874,False,-0.32577015419918554,-0.041714333238405676,False
2023,TSM,0.4232971765100566,ACTIVE_10,0.2617578836134973,0.16153929289655933,True,0.5485556805609806,-0.12525850405092398,False
2024,TSM,0.9258244177693742,ACTIVE_10,0.24886476304115313,0.6769596547282211,True,0.25578264727390376,0.6700417704954704,True
2025,TSM,0.5594952315203952,ACTIVE_10,0.17719055511914772,0.38230467640124743,True,0.2077254825855681,0.35176974893482704,True
2026,TSM,0.3874991318995813,ACTIVE_10,0.11277168154779438,0.2747274503517869,True,0.17112659960592147,0.21637253229365982,True
2017,AVGO,0.4818611792056178,ACTIVE_10,0.21705369394049656,0.2648074852651212,True,0.3266353834563378,0.15522579574927997,True
2018,AVGO,0.03621942065198036,ACTIVE_10,-0.04568978481733965,0.08190920546932001,True,-0.001261800995099982,0.03748122164708034,True
2019,AVGO,0.2905166497057765,ACTIVE_10,0.31223870646836804,-0.021722056762591535,False,0.3896155238370911,-0.09909887413131457,False
2020,AVGO,0.44880017203470035,ACTIVE_10,0.18331624110147282,0.26548393093322753,True,0.4840608796460244,-0.03526070761132405,False
2021,AVGO,0.5648486674718294,ACTIVE_10,0.2872874938081522,0.27756117366367716,True,0.2741975024097987,0.2906511650620307,True
2022,AVGO,-0.1326965078352681,ACTIVE_10,-0.18175362536271722,0.04905711752744912,True,-0.32577015419918554,0.19307364636391744,True
2023,AVGO,1.0418424851325563,ACTIVE_10,0.2617578836134973,0.780084601519059,True,0.5485556805609806,0.4932868045715757,True
2024,AVGO,1.1049289885300038,ACTIVE_10,0.24886476304115313,0.8560642254888506,True,0.25578264727390376,0.8491463412561,True
2025,AVGO,0.506329897757932,ACTIVE_10,0.17719055511914772,0.3291393426387843,True,0.2077254825855681,0.2986044151723639,True
2026,AVGO,0.1434047454984706,ACTIVE_10,0.11277168154779438,0.03063306395067622,True,0.17112659960592147,-0.027721854107450872,False
2017,GOOGL,0.32929503534016624,ACTIVE_10,0.21705369394049656,0.11224134139966968,True,0.3266353834563378,0.00265965188382844,True
2018,GOOGL,-0.00801204521280463,ACTIVE_10,-0.04568978481733965,0.03767773960453502,True,-0.001261800995099982,-0.0067502442177046484,False
2019,GOOGL,0.2817616935857512,ACTIVE_10,0.31223870646836804,-0.03047701288261684,False,0.3896155238370911,-0.10785383025133988,False
2020,GOOGL,0.3085363271856869,ACTIVE_10,0.18331624110147282,0.1252200860842141,True,0.4840608796460244,-0.1755245524603375,False
2021,GOOGL,0.6529576954116012,ACTIVE_10,0.2872874938081522,0.365670201603449,True,0.2741975024097987,0.3787601930018025,True
2022,GOOGL,-0.39089560176092797,ACTIVE_10,-0.18175362536271722,-0.20914197639821075,False,-0.32577015419918554,-0.06512544756174243,False
2023,GOOGL,0.5832485811977801,ACTIVE_10,0.2617578836134973,0.32149069758428284,True,0.5485556805609806,0.03469290063679953,True
2024,GOOGL,0.36005587672649053,ACTIVE_10,0.24886476304115313,0.1111911136853374,True,0.25578264727390376,0.10427322945258677,True
2025,GOOGL,0.6599358813862364,ACTIVE_10,0.17719055511914772,0.48274532626708866,True,0.2077254825855681,0.45221039880066827,True
2026,GOOGL,0.18659049925652038,ACTIVE_10,0.11277168154779438,0.073818817708726,True,0.17112659960592147,0.015463899650598911,True
2017,AMD,-0.09347446255323,ACTIVE_10,0.21705369394049656,-0.31052815649372656,False,0.3266353834563378,-0.4201098460095678,False
2018,AMD,0.795719801943733,ACTIVE_10,-0.04568978481733965,0.8414095867610727,True,-0.001261800995099982,0.796981602938833,True
2019,AMD,1.4842905138021374,ACTIVE_10,0.31223870646836804,1.1720518073337693,True,0.3896155238370911,1.0946749899650463,True
2020,AMD,0.9997818984714926,ACTIVE_10,0.18331624110147282,0.8164656573700197,True,0.4840608796460244,0.5157210188254682,True
2021,AMD,0.5690763857051218,ACTIVE_10,0.2872874938081522,0.28178889189696954,True,0.2741975024097987,0.2948788832953231,True
2022,AMD,-0.5498957651821776,ACTIVE_10,-0.18175362536271722,-0.3681421398194604,False,-0.32577015419918554,-0.2241256109829921,False
2023,AMD,1.2758995106091229,ACTIVE_10,0.2617578836134973,1.0141416269956256,True,0.5485556805609806,0.7273438300481423,True
2024,AMD,-0.18058477773055304,ACTIVE_10,0.24886476304115313,-0.42944954077170616,False,0.25578264727390376,-0.4363674250044568,False
2025,AMD,0.7729944700627904,ACTIVE_10,0.17719055511914772,0.5958039149436427,True,0.2077254825855681,0.5652689874772223,True
2026,AMD,1.470769544266946,ACTIVE_10,0.11277168154779438,1.3579978627191516,True,0.17112659960592147,1.2996429446610245,True
2017,MRVL,0.5688646964649375,ACTIVE_10,0.21705369394049656,0.351811002524441,True,0.3266353834563378,0.24222931300859973,True
2018,MRVL,-0.2362288873287003,ACTIVE_10,-0.04568978481733965,-0.19053910251136064,False,-0.001261800995099982,-0.2349670863336003,False
2019,MRVL,0.6574124750579127,ACTIVE_10,0.31223870646836804,0.3451737685895446,True,0.3896155238370911,0.2677969512208216,True
2020,MRVL,0.8025392173643491,ACTIVE_10,0.18331624110147282,0.6192229762628763,True,0.4840608796460244,0.3184783377183247,True
2021,MRVL,0.8462305452970014,ACTIVE_10,0.2872874938081522,0.5589430514888492,True,0.2741975024097987,0.5720330428872027,True
2022,MRVL,-0.5748437066354087,ACTIVE_10,-0.18175362536271722,-0.3930900812726915,False,-0.32577015419918554,-0.2490735524362232,False
2023,MRVL,0.636816209644355,ACTIVE_10,0.2617578836134973,0.37505832603085776,True,0.5485556805609806,0.08826052908337445,True
2024,MRVL,0.8378970705148043,ACTIVE_10,0.24886476304115313,0.5890323074736512,True,0.25578264727390376,0.5821144232409006,True
2025,MRVL,-0.22819526723712602,ACTIVE_10,0.17719055511914772,-0.40538582235627374,False,0.2077254825855681,-0.43592074982269413,False
2026,MRVL,1.4307210719628003,ACTIVE_10,0.11277168154779438,1.317949390415006,True,0.17112659960592147,1.2595944723568788,True
2021,RKLB,0.2146389861507807,ACTIVE_10,0.2872874938081522,-0.07264850765737152,False,0.2741975024097987,-0.05955851625901798,False
2022,RKLB,-0.692996737548434,ACTIVE_10,-0.18175362536271722,-0.5112431121857168,False,-0.32577015419918554,-0.3672265833492485,False
2023,RKLB,0.4668435643995146,ACTIVE_10,0.2617578836134973,0.2050856807860173,True,0.5485556805609806,-0.08171211616146601,False
2024,RKLB,3.605786319533827,ACTIVE_10,0.24886476304115313,3.356921556492674,True,0.25578264727390376,3.3500036722599233,True
2025,RKLB,1.7389086775378804,ACTIVE_10,0.17719055511914772,1.5617181224187326,True,0.2077254825855681,1.5311831949523123,True
2026,RKLB,0.09231643656540323,ACTIVE_10,0.11277168154779438,-0.020455244982391152,False,0.17112659960592147,-0.07881016304051824,False
2017,BTC-USD,13.688978981270699,ACTIVE_10,0.21705369394049656,13.471925287330203,True,0.3266353834563378,13.36234359781436,True
2018,BTC-USD,-0.7356177886907107,ACTIVE_10,-0.04568978481733965,-0.689928003873371,False,-0.001261800995099982,-0.7343559876956107,False
2019,BTC-USD,0.9220344340849418,ACTIVE_10,0.31223870646836804,0.6097957276165737,True,0.3896155238370911,0.5324189102478507,True
2020,BTC-USD,3.0316009017076606,ACTIVE_10,0.18331624110147282,2.848284660606188,True,0.4840608796460244,2.547540022061636,True
2021,BTC-USD,0.5966792379843302,ACTIVE_10,0.2872874938081522,0.309391744176178,True,0.2741975024097987,0.3224817355745315,True
2022,BTC-USD,-0.6426524216644383,ACTIVE_10,-0.18175362536271722,-0.46089879630172104,False,-0.32577015419918554,-0.3168822674652527,False
2023,BTC-USD,1.5541741941225529,ACTIVE_10,0.2617578836134973,1.2924163105090556,True,0.5485556805609806,1.0056185135615723,True
2024,BTC-USD,1.21054746592571,ACTIVE_10,0.24886476304115313,0.9616827028845569,True,0.25578264727390376,0.9547648186518063,True
2025,BTC-USD,-0.06336749968935373,ACTIVE_10,0.17719055511914772,-0.24055805480850145,False,0.2077254825855681,-0.27109298227492185,False
2026,BTC-USD,-0.26197147073554183,ACTIVE_10,0.11277168154779438,-0.3747431522833362,False,0.17112659960592147,-0.4330980703414633,False
2017,NOW,0.7539681908436491,WATCHLIST_1,0.21705369394049656,0.5369144969031525,True,0.3266353834563378,0.4273328073873113,True
2018,NOW,0.3655188978774877,WATCHLIST_1,-0.04568978481733965,0.41120868269482735,True,-0.001261800995099982,0.3667806988725877,True
2019,NOW,0.5856220088210453,WATCHLIST_1,0.31223870646836804,0.27338330235267727,True,0.3896155238370911,0.19600648498395423,True
2020,NOW,0.9496669943092344,WATCHLIST_1,0.18331624110147282,0.7663507532077616,True,0.4840608796460244,0.46560611466321,True
2021,NOW,0.1792780912472438,WATCHLIST_1,0.2872874938081522,-0.10800940256090841,False,0.2741975024097987,-0.09491941116255487,False
2022,NOW,-0.4018425566950693,WATCHLIST_1,-0.18175362536271722,-0.22008893133235208,False,-0.32577015419918554,-0.07607240249588376,False
2023,NOW,0.8195843790665698,WATCHLIST_1,0.2617578836134973,0.5578264954530725,True,0.5485556805609806,0.2710286985055892,True
2024,NOW,0.5005449181683232,WATCHLIST_1,0.24886476304115313,0.2516801551271701,True,0.25578264727390376,0.2447622708944195,True
2025,NOW,-0.27748744980732565,WATCHLIST_1,0.17719055511914772,-0.45467800492647337,False,0.2077254825855681,-0.48521293239289376,False
2026,NOW,-0.31633917561303093,WATCHLIST_1,0.11277168154779438,-0.4291108571608253,False,0.17112659960592147,-0.4874657752189524,False
2017,QCOM,0.020464042415256678,WATCHLIST_1,0.21705369394049656,-0.19658965152523988,False,0.3266353834563378,-0.3061713410410811,False
2018,QCOM,-0.07588774205521143,WATCHLIST_1,-0.04568978481733965,-0.030197957237871775,False,-0.001261800995099982,-0.07462594106011144,False
2019,QCOM,0.6076410996417287,WATCHLIST_1,0.31223870646836804,0.2954023931733607,True,0.3896155238370911,0.21802557580463766,True
2020,QCOM,0.7708319760212465,WATCHLIST_1,0.18331624110147282,0.5875157349197737,True,0.4840608796460244,0.28677109637522213,True
2021,QCOM,0.22253260272342557,WATCHLIST_1,0.2872874938081522,-0.06475489108472665,False,0.2741975024097987,-0.05166489968637311,False
2022,QCOM,-0.3858256020826494,WATCHLIST_1,-0.18175362536271722,-0.20407197671993216,False,-0.32577015419918554,-0.06005544788346384,False
2023,QCOM,0.35073607643858296,WATCHLIST_1,0.2617578836134973,0.08897819282508568,True,0.5485556805609806,-0.19781960412239763,False
2024,QCOM,0.08310466779898551,WATCHLIST_1,0.24886476304115313,-0.16576009524216762,False,0.25578264727390376,-0.17267797947491825,False
2025,QCOM,0.1383867173895983,WATCHLIST_1,0.17719055511914772,-0.03880383772954943,False,0.2077254825855681,-0.06933876519596982,False
2026,QCOM,0.051062714328864445,WATCHLIST_1,0.11277168154779438,-0.06170896721892993,False,0.17112659960592147,-0.12006388527705703,False
2017,DELL,0.47862470977286287,WATCHLIST_1,0.21705369394049656,0.2615710158323663,True,0.3266353834563378,0.15198932631652506,True
2018,DELL,0.08586615651506513,WATCHLIST_1,-0.04568978481733965,0.13155594133240478,True,-0.001261800995099982,0.08712795751016511,True
2019,DELL,0.0515654994093373,WATCHLIST_1,0.31223870646836804,-0.26067320705903074,False,0.3896155238370911,-0.3380500244277538,False
2020,DELL,0.4261528941572499,WATCHLIST_1,0.18331624110147282,0.24283665305577706,True,0.4840608796460244,-0.057907985488774516,False
2021,DELL,0.5121219744440453,WATCHLIST_1,0.2872874938081522,0.22483448063589306,True,0.2741975024097987,0.2379244720342466,True
2022,DELL,-0.2663301021598171,WATCHLIST_1,-0.18175362536271722,-0.0845764767970999,False,-0.32577015419918554,0.05944005203936842,True
2023,DELL,0.958504348155166,WATCHLIST_1,0.2617578836134973,0.6967464645416688,True,0.5485556805609806,0.40994866759418547,True
2024,DELL,0.5297056240412539,WATCHLIST_1,0.24886476304115313,0.28084086100010075,True,0.25578264727390376,0.2739229767673501,True
2025,DELL,0.11219769635055266,WATCHLIST_1,0.17719055511914772,-0.06499285876859506,False,0.2077254825855681,-0.09552778623501545,False
2026,DELL,2.3028908023134917,WATCHLIST_1,0.11277168154779438,2.190119120765697,True,0.17112659960592147,2.1317642027075703,True
2017,MSFT,0.4073064539808877,WATCHLIST_1,0.21705369394049656,0.19025276004039116,True,0.3266353834563378,0.08067107052454991,True
2018,MSFT,0.20795273788128954,WATCHLIST_1,-0.04568978481733965,0.2536425226986292,True,-0.001261800995099982,0.20921453887638952,True
2019,MSFT,0.5755813390894171,WATCHLIST_1,0.31223870646836804,0.26334263262104907,True,0.3896155238370911,0.18596581525232603,True
2020,MSFT,0.4253402789584757,WATCHLIST_1,0.18331624110147282,0.24202403785700288,True,0.4840608796460244,-0.058720600687548696,False
2021,MSFT,0.5247695557581527,WATCHLIST_1,0.2872874938081522,0.23748206195000043,True,0.2741975024097987,0.250572053348354,True
2022,MSFT,-0.28024762796855995,WATCHLIST_1,-0.18175362536271722,-0.09849400260584273,False,-0.32577015419918554,0.04552252623062558,True
2023,MSFT,0.5819127483159532,WATCHLIST_1,0.2617578836134973,0.3201548647024559,True,0.5485556805609806,0.0333570677549726,True
2024,MSFT,0.12927329090287842,WATCHLIST_1,0.24886476304115313,-0.1195914721382747,False,0.25578264727390376,-0.12650935637102534,False
2025,MSFT,0.15584236998294343,WATCHLIST_1,0.17719055511914772,-0.02134818513620429,False,0.2077254825855681,-0.05188311260262468,False
2026,MSFT,-0.17829732025750644,WATCHLIST_1,0.11277168154779438,-0.2910690018053008,False,0.17112659960592147,-0.3494239198634279,False
2017,NFLX,0.5505653447544177,WATCHLIST_1,0.21705369394049656,0.3335116508139211,True,0.3266353834563378,0.22392996129807985,True
2018,NFLX,0.39435309122444706,WATCHLIST_1,-0.04568978481733965,0.4400428760417867,True,-0.001261800995099982,0.39561489221954704,True
2019,NFLX,0.20888431367197513,WATCHLIST_1,0.31223870646836804,-0.10335439279639291,False,0.3896155238370911,-0.18073121016511595,False
2020,NFLX,0.6711377588319436,WATCHLIST_1,0.18331624110147282,0.4878215177304708,True,0.4840608796460244,0.1870768791859192,True
2021,NFLX,0.11412345176298433,WATCHLIST_1,0.2872874938081522,-0.1731640420451679,False,0.2741975024097987,-0.16007405064681435,False
2022,NFLX,-0.5105238509446479,WATCHLIST_1,-0.18175362536271722,-0.3287702255819307,False,-0.32577015419918554,-0.18475369674546238,False
2023,NFLX,0.651112258860733,WATCHLIST_1,0.2617578836134973,0.3893543752472357,True,0.5485556805609806,0.1025565782997524,True
2024,NFLX,0.8306770515730808,WATCHLIST_1,0.24886476304115313,0.5818122885319277,True,0.25578264727390376,0.574894404299177,True
2025,NFLX,0.051922969927354234,WATCHLIST_1,0.17719055511914772,-0.12526758519179348,False,0.2077254825855681,-0.15580251265821388,False
2026,NFLX,-0.21416383717524934,WATCHLIST_1,0.11277168154779438,-0.3269355187230437,False,0.17112659960592147,-0.3852904367811708,False
2017,ADBE,0.7021856307704941,WATCHLIST_1,0.21705369394049656,0.48513193682999756,True,0.3266353834563378,0.3755502473141563,True
2018,ADBE,0.2910294362093562,WATCHLIST_1,-0.04568978481733965,0.3367192210266958,True,-0.001261800995099982,0.29229123720445616,True
2019,ADBE,0.4577881433465536,WATCHLIST_1,0.31223870646836804,0.14554943687818556,True,0.3896155238370911,0.06817261950946252,True
2020,ADBE,0.5163882199427161,WATCHLIST_1,0.18331624110147282,0.3330719788412433,True,0.4840608796460244,0.03232734029669171,True
2021,ADBE,0.13384788269807313,WATCHLIST_1,0.2872874938081522,-0.1534396111100791,False,0.2741975024097987,-0.14034961971172555,False
2022,ADBE,-0.4065354632169702,WATCHLIST_1,-0.18175362536271722,-0.22478183785425299,False,-0.32577015419918554,-0.08076530901778467,False
2023,ADBE,0.7727987928267868,WATCHLIST_1,0.2617578836134973,0.5110409092132895,True,0.5485556805609806,0.22424311226580618,True
2024,ADBE,-0.2546429586440251,WATCHLIST_1,0.24886476304115313,-0.5035077216851782,False,0.25578264727390376,-0.5104256059179288,False
2025,ADBE,-0.21293965098727807,WATCHLIST_1,0.17719055511914772,-0.3901302061064258,False,0.2077254825855681,-0.4206651335728462,False
2026,ADBE,-0.3583816571204952,WATCHLIST_1,0.11277168154779438,-0.47115333866828957,False,0.17112659960592147,-0.5295082567264167,False
2022,SOFI,-0.7084123965111084,WATCHLIST_1,-0.18175362536271722,-0.5266587711483912,False,-0.32577015419918554,-0.3826422423119229,False
2023,SOFI,1.158351306094175,WATCHLIST_1,0.2617578836134973,0.8965934224806777,True,0.5485556805609806,0.6097956255331944,True
2024,SOFI,0.547738684797789,WATCHLIST_1,0.24886476304115313,0.29887392175663585,True,0.25578264727390376,0.2919560375238852,True
2025,SOFI,0.7000000619269051,WATCHLIST_1,0.17719055511914772,0.5228095068077574,True,0.2077254825855681,0.492274579341337,True
2026,SOFI,-0.31741785214186946,WATCHLIST_1,0.11277168154779438,-0.43018953368966384,False,0.17112659960592147,-0.48854445174779093,False
2017,REGN,0.0241629924689879,WATCHLIST_1,0.21705369394049656,-0.19289070147150866,False,0.3266353834563378,-0.3024723909873499,False
2018,REGN,-0.006543171279056237,WATCHLIST_1,-0.04568978481733965,0.039146613538283415,True,-0.001261800995099982,-0.005281370283956255,False
2019,REGN,0.00530119143966612,WATCHLIST_1,0.31223870646836804,-0.3069375150287019,False,0.3896155238370911,-0.38431433239742496,False
2020,REGN,0.2866463092790501,WATCHLIST_1,0.18331624110147282,0.10333006817757728,True,0.4840608796460244,-0.1974145703669743,False
2021,REGN,0.3071972003587826,WATCHLIST_1,0.2872874938081522,0.0199097065506304,True,0.2741975024097987,0.03299969794898394,True
2022,REGN,0.14246565944908163,WATCHLIST_1,-0.18175362536271722,0.32421928481179885,True,-0.32577015419918554,0.46823581364826716,True
2023,REGN,0.217327993430261,WATCHLIST_1,0.2617578836134973,-0.04442989018323629,False,0.5485556805609806,-0.3312276871307196,False
2024,REGN,-0.18895799222310727,WATCHLIST_1,0.24886476304115313,-0.4378227552642604,False,0.25578264727390376,-0.44474063949701104,False
2025,REGN,0.08959456548999412,WATCHLIST_1,0.17719055511914772,-0.0875959896291536,False,0.2077254825855681,-0.118130917095574,False
2026,REGN,-0.13684576001164583,WATCHLIST_1,0.11277168154779438,-0.2496174415594402,False,0.17112659960592147,-0.3079723596175673,False
2017,MA,0.47685589663116357,WATCHLIST_1,0.21705369394049656,0.259802202690667,True,0.3266353834563378,0.15022051317482576,True
2018,MA,0.2531290121652028,WATCHLIST_1,-0.04568978481733965,0.29881879698254243,True,-0.001261800995099982,0.25439081316030276,True
2019,MA,0.5915801970449013,WATCHLIST_1,0.31223870646836804,0.27934149057653324,True,0.3896155238370911,0.2019646732078102,True
2020,MA,0.20186280476178275,WATCHLIST_1,0.18331624110147282,0.018546563660309934,True,0.4840608796460244,-0.28219807488424165,False
2021,MA,0.011605968051239035,WATCHLIST_1,0.2872874938081522,-0.2756815257569132,False,0.2741975024097987,-0.26259153435855964,False
2022,MA,-0.02658514169466386,WATCHLIST_1,-0.18175362536271722,0.15516848366805336,True,-0.32577015419918554,0.2991850125045217,True
2023,MA,0.23403865163311233,WATCHLIST_1,0.2617578836134973,-0.02771923198038495,False,0.5485556805609806,-0.31451702892786826,False
2024,MA,0.24174319216710538,WATCHLIST_1,0.24886476304115313,-0.007121570874047745,False,0.25578264727390376,-0.014039455106798382,False
2025,MA,0.0903774386820877,WATCHLIST_1,0.17719055511914772,-0.08681311643706002,False,0.2077254825855681,-0.11734804390348041,False
2026,MA,-0.05788402974114293,WATCHLIST_1,0.11277168154779438,-0.1706557112889373,False,0.17112659960592147,-0.2290106293470644,False
2017,V,0.47176534397194736,WATCHLIST_1,0.21705369394049656,0.2547116500314508,True,0.3266353834563378,0.14512996051560956,True
2018,V,0.16487559919253525,WATCHLIST_1,-0.04568978481733965,0.2105653840098749,True,-0.001261800995099982,0.16613740018763523,True
2019,V,0.4332702156532253,WATCHLIST_1,0.31223870646836804,0.12103150918485728,True,0.3896155238370911,0.04365469181613424,True
2020,V,0.17124212888349244,WATCHLIST_1,0.18331624110147282,-0.012074112217980382,False,0.4840608796460244,-0.31281875076253196,False
2021,V,-0.0031491490905456443,WATCHLIST_1,0.2872874938081522,-0.29043664289869786,False,0.2741975024097987,-0.2773466515003443,False
2022,V,-0.034047500935597164,WATCHLIST_1,-0.18175362536271722,0.14770612442712006,True,-0.32577015419918554,0.29172265326358837,True
2023,V,0.26308018960829527,WATCHLIST_1,0.2617578836134973,0.0013223059947979898,True,0.5485556805609806,-0.2854754909526853,False
2024,V,0.22318291653079814,WATCHLIST_1,0.24886476304115313,-0.02568184651035499,False,0.25578264727390376,-0.032599730743105626,False
2025,V,0.11758297118725691,WATCHLIST_1,0.17719055511914772,-0.059607583931890806,False,0.2077254825855681,-0.0901425113983112,False
2026,V,0.016823347770887676,WATCHLIST_1,0.11277168154779438,-0.0959483337769067,False,0.17112659960592147,-0.1543032518350338,False
2017,PWR,0.12223806400247916,WATCHLIST_1,0.21705369394049656,-0.0948156299380174,False,0.3266353834563378,-0.20439731945385864,False
2018,PWR,-0.22934908246659713,WATCHLIST_1,-0.04568978481733965,-0.18365929764925748,False,-0.001261800995099982,-0.22808728147149715,False
2019,PWR,0.35841483019204734,WATCHLIST_1,0.31223870646836804,0.046176123723679297,True,0.3896155238370911,-0.031200693645043742,False
2020,PWR,0.7774236086445647,WATCHLIST_1,0.18331624110147282,0.5941073675430919,True,0.4840608796460244,0.2933627289985403,True
2021,PWR,0.5950100005912575,WATCHLIST_1,0.2872874938081522,0.3077225067831053,True,0.2741975024097987,0.32081249818145885,True
2022,PWR,0.24633001484645045,WATCHLIST_1,-0.18175362536271722,0.42808364020916767,True,-0.32577015419918554,0.572100169045636,True
2023,PWR,0.5170391171725237,WATCHLIST_1,0.2617578836134973,0.25528123355902643,True,0.5485556805609806,-0.031516563388456875,False
2024,PWR,0.46601302828538627,WATCHLIST_1,0.24886476304115313,0.21714826524423314,True,0.25578264727390376,0.2102303810114825,True
2025,PWR,0.33702555216899555,WATCHLIST_1,0.17719055511914772,0.15983499704984783,True,0.2077254825855681,0.12930006958342743,True
2026,PWR,0.5382548946831887,WATCHLIST_1,0.11277168154779438,0.4254832131353943,True,0.17112659960592147,0.3671282950772672,True
2023,CEG,0.37239032019822504,WATCHLIST_1,0.2617578836134973,0.11063243658472777,True,0.5485556805609806,-0.17616536036275554,False
2024,CEG,0.9271390653019953,WATCHLIST_1,0.24886476304115313,0.6782743022608422,True,0.25578264727390376,0.6713564180280915,True
2025,CEG,0.5879895567823477,WATCHLIST_1,0.17719055511914772,0.41079900166319994,True,0.2077254825855681,0.38026407419677954,True
2026,CEG,-0.267239077477495,WATCHLIST_1,0.11277168154779438,-0.38001075902528936,False,0.17112659960592147,-0.43836567708341645,False
2017,COST,0.22372029247891012,WATCHLIST_1,0.21705369394049656,0.0066665985384135595,True,0.3266353834563378,-0.10291509097742768,False
2018,COST,0.10599291843853287,WATCHLIST_1,-0.04568978481733965,0.15168270325587252,True,-0.001261800995099982,0.10725471943363285,True
2019,COST,0.45700717756285436,WATCHLIST_1,0.31223870646836804,0.14476847109448632,True,0.3896155238370911,0.06739165372576328,True
2020,COST,0.32666320222553336,WATCHLIST_1,0.18331624110147282,0.14334696112406053,True,0.4840608796460244,-0.15739767742049104,False
2021,COST,0.5182119449756322,WATCHLIST_1,0.2872874938081522,0.23092445116747995,True,0.2741975024097987,0.2440144425658335,True
2022,COST,-0.1904979380932661,WATCHLIST_1,-0.18175362536271722,-0.008744312730548875,False,-0.32577015419918554,0.13527221610591944,True
2023,COST,0.4900385967051879,WATCHLIST_1,0.2617578836134973,0.22828071309169062,True,0.5485556805609806,-0.058517083855792684,False
2024,COST,0.39622639032881257,WATCHLIST_1,0.24886476304115313,0.14736162728765945,True,0.25578264727390376,0.1404437430549088,True
2025,COST,-0.053947105656403704,WATCHLIST_1,0.17719055511914772,-0.23113766077555142,False,0.2077254825855681,-0.2616725882419718,False
2026,COST,0.06584854984718413,WATCHLIST_1,0.11277168154779438,-0.04692313170061024,False,0.17112659960592147,-0.10527804975873734,False
2025,GEV,0.9901674792625814,WATCHLIST_1,0.17719055511914772,0.8129769241434337,True,0.2077254825855681,0.7824419966770133,True
2026,GEV,0.6176316406233553,WATCHLIST_1,0.11277168154779438,0.5048599590755609,True,0.17112659960592147,0.4465050410174338,True
2017,LLY,0.17834303382085293,WATCHLIST_1,0.21705369394049656,-0.038710660119643636,False,0.3266353834563378,-0.14829234963548488,False
2018,LLY,0.40454739407596274,WATCHLIST_1,-0.04568978481733965,0.4502371788933024,True,-0.001261800995099982,0.4058091950710627,True
2019,LLY,0.16139946539652827,WATCHLIST_1,0.31223870646836804,-0.15083924107183977,False,0.3896155238370911,-0.2282160584405628,False
2020,LLY,0.31039865356806406,WATCHLIST_1,0.18331624110147282,0.12708241246659124,True,0.4840608796460244,-0.17366222607796034,False
2021,LLY,0.6607813850180884,WATCHLIST_1,0.2872874938081522,0.37349389120993615,True,0.2741975024097987,0.3865838826082897,True
2022,LLY,0.3425534397552332,WATCHLIST_1,-0.18175362536271722,0.5243070651179504,True,-0.32577015419918554,0.6683235939544188,True
2023,LLY,0.6090906239012699,WATCHLIST_1,0.2617578836134973,0.3473327402877726,True,0.5485556805609806,0.060534943340289304,True
2024,LLY,0.3330105304067572,WATCHLIST_1,0.24886476304115313,0.08414576736560408,True,0.25578264727390376,0.07722788313285345,True
2025,LLY,0.40245578247276725,WATCHLIST_1,0.17719055511914772,0.22526522735361953,True,0.2077254825855681,0.19473029988719914,True
2026,LLY,0.07990728522410406,WATCHLIST_1,0.11277168154779438,-0.032864396323690315,False,0.17112659960592147,-0.0912193143818174,False
2019,SPOT,0.31762117226218334,WATCHLIST_1,0.31223870646836804,0.005382465793815294,True,0.3896155238370911,-0.07199435157490774,False
2020,SPOT,1.1040454512943647,WATCHLIST_1,0.18331624110147282,0.9207292101928919,True,0.4840608796460244,0.6199845716483403,True
2021,SPOT,-0.2562448482311569,WATCHLIST_1,0.2872874938081522,-0.5435323420393091,False,0.2741975024097987,-0.5304423506409556,False
2022,SPOT,-0.6626500988760148,WATCHLIST_1,-0.18175362536271722,-0.48089647351329756,False,-0.32577015419918554,-0.33687994467682925,False
2023,SPOT,1.3801141345869699,WATCHLIST_1,0.2617578836134973,1.1183562509734726,True,0.5485556805609806,0.8315584540259893,True
2024,SPOT,1.3808205851949715,WATCHLIST_1,0.24886476304115313,1.1319558221538184,True,0.25578264727390376,1.1250379379210678,True
2025,SPOT,0.29802408608933795,WATCHLIST_1,0.17719055511914772,0.12083353097019023,True,0.2077254825855681,0.09029860350376984,True
2026,SPOT,-0.16416113633790963,WATCHLIST_1,0.11277168154779438,-0.276932817885704,False,0.17112659960592147,-0.3352877359438311,False
2017,TMUS,0.10432973089464626,WATCHLIST_1,0.21705369394049656,-0.1127239630458503,False,0.3266353834563378,-0.22230565256169155,False
2018,TMUS,0.0015747013682585465,WATCHLIST_1,-0.04568978481733965,0.0472644861855982,True,-0.001261800995099982,0.0028365023633585285,True
2019,TMUS,0.232824904514779,WATCHLIST_1,0.31223870646836804,-0.07941380195358905,False,0.3896155238370911,-0.15679061932231209,False
2020,TMUS,0.7195871132671314,WATCHLIST_1,0.18331624110147282,0.5362708721656586,True,0.4840608796460244,0.23552623362110703,True
2021,TMUS,-0.1399333331597895,WATCHLIST_1,0.2872874938081522,-0.4272208269679417,False,0.2741975024097987,-0.4141308355695882,False
2022,TMUS,0.20710474588688088,WATCHLIST_1,-0.18175362536271722,0.3888583712495981,True,-0.32577015419918554,0.5328749000860664,True
2023,TMUS,0.1502134080355486,WATCHLIST_1,0.2617578836134973,-0.11154447557794867,False,0.5485556805609806,-0.398342272525432,False
2024,TMUS,0.3970330008427454,WATCHLIST_1,0.24886476304115313,0.14816823780159227,True,0.25578264727390376,0.14125035356884164,True
2025,TMUS,-0.06579176016701471,WATCHLIST_1,0.17719055511914772,-0.24298231528616243,False,0.2077254825855681,-0.2735172427525828,False
2026,TMUS,-0.06646457051125143,WATCHLIST_1,0.11277168154779438,-0.1792362520590458,False,0.17112659960592147,-0.2375911701171729,False
2017,ACN,0.3333594339553523,WATCHLIST_1,0.21705369394049656,0.11630574001485572,True,0.3266353834563378,0.006724050499014478,True
2018,ACN,-0.06228688486588496,WATCHLIST_1,-0.04568978481733965,-0.01659710004854531,False,-0.001261800995099982,-0.06102508387078498,False
2019,ACN,0.5121361433743004,WATCHLIST_1,0.31223870646836804,0.1998974369059323,True,0.3896155238370911,0.12252061953720927,True
2020,ACN,0.2604037125172647,WATCHLIST_1,0.18331624110147282,0.07708747141579186,True,0.4840608796460244,-0.22365716712875972,False
2021,ACN,0.6066540944169039,WATCHLIST_1,0.2872874938081522,0.31936660060875166,True,0.2741975024097987,0.3324565920071052,True
2022,ACN,-0.34753264955422214,WATCHLIST_1,-0.18175362536271722,-0.16577902419150492,False,-0.32577015419918554,-0.021762495355036604,False
2023,ACN,0.3359511080948423,WATCHLIST_1,0.2617578836134973,0.07419322448134502,True,0.5485556805609806,-0.2126045724661383,False
2024,ACN,0.01862336068085546,WATCHLIST_1,0.24886476304115313,-0.23024140236029766,False,0.25578264727390376,-0.2371592865930483,False
2025,ACN,-0.22644034877663533,WATCHLIST_1,0.17719055511914772,-0.40363090389578304,False,0.2077254825855681,-0.43416583136220344,False
2026,ACN,-0.47877926610484656,WATCHLIST_1,0.11277168154779438,-0.5915509476526409,False,0.17112659960592147,-0.649905865710768,False
2017,AAPL,0.4846433239655199,WATCHLIST_2,0.21705369394049656,0.26758963002502334,True,0.3266353834563378,0.1580079405091821,True
2018,AAPL,-0.05390208387575823,WATCHLIST_2,-0.04568978481733965,-0.008212299058418582,False,-0.001261800995099982,-0.05264028288065825,False
2019,AAPL,0.8895790800855763,WATCHLIST_2,0.31223870646836804,0.5773403736172082,True,0.3896155238370911,0.4999635562484852,True
2020,AAPL,0.8230670137709313,WATCHLIST_2,0.18331624110147282,0.6397507726694585,True,0.4840608796460244,0.3390061341249069,True
2021,AAPL,0.34648165666341235,WATCHLIST_2,0.2872874938081522,0.059194162855260135,True,0.2741975024097987,0.07228415425361367,True
2022,AAPL,-0.2640419671819907,WATCHLIST_2,-0.18175362536271722,-0.08228834181927347,False,-0.32577015419918554,0.06172818701719485,True
2023,AAPL,0.49008068629300405,WATCHLIST_2,0.2617578836134973,0.22832280267950678,True,0.5485556805609806,-0.05847499426797653,False
2024,AAPL,0.30705247923262613,WATCHLIST_2,0.24886476304115313,0.058187716191473005,True,0.25578264727390376,0.05126983195872237,True
2025,AAPL,0.09052606198056745,WATCHLIST_2,0.17719055511914772,-0.08666449313858027,False,0.2077254825855681,-0.11719942060500066,False
2026,AAPL,0.2069023687924183,WATCHLIST_2,0.11277168154779438,0.09413068724462392,True,0.17112659960592147,0.03577576918649683,True
2017,AMZN,0.5595636491351448,WATCHLIST_2,0.21705369394049656,0.3425099551946482,True,0.3266353834563378,0.23292826567880698,True
2018,AMZN,0.2843168959316702,WATCHLIST_2,-0.04568978481733965,0.33000668074900985,True,-0.001261800995099982,0.2855786969267702,True
2019,AMZN,0.23027749504206452,WATCHLIST_2,0.31223870646836804,-0.08196121142630353,False,0.3896155238370911,-0.15933802879502657,False
2020,AMZN,0.7625606069163975,WATCHLIST_2,0.18331624110147282,0.5792443658149247,True,0.4840608796460244,0.2784997272703731,True
2021,AMZN,0.023767773568753814,WATCHLIST_2,0.2872874938081522,-0.2635197202393984,False,0.2741975024097987,-0.25042972884104486,False
2022,AMZN,-0.4961521476592685,WATCHLIST_2,-0.18175362536271722,-0.3143985222965513,False,-0.32577015419918554,-0.17038199346008298,False
2023,AMZN,0.8088095528738839,WATCHLIST_2,0.2617578836134973,0.5470516692603866,True,0.5485556805609806,0.2602538723129033,True
2024,AMZN,0.4439252064264869,WATCHLIST_2,0.24886476304115313,0.1950604433853338,True,0.25578264727390376,0.18814255915258316,True
2025,AMZN,0.05209903808910643,WATCHLIST_2,0.17719055511914772,-0.1250915170300413,False,0.2077254825855681,-0.15562644449646168,False
2026,AMZN,0.10458365229899869,WATCHLIST_2,0.11277168154779438,-0.008188029248795692,False,0.17112659960592147,-0.06654294730692278,False
2017,KO,0.14382062597944145,WATCHLIST_2,0.21705369394049656,-0.07323306796105511,False,0.3266353834563378,-0.18281475747689635,False
2018,KO,0.0677348250620895,WATCHLIST_2,-0.04568978481733965,0.11342460987942915,True,-0.001261800995099982,0.06899662605718948,True
2019,KO,0.20599419914904926,WATCHLIST_2,0.31223870646836804,-0.10624450731931878,False,0.3896155238370911,-0.18362132468804182,False
2020,KO,0.024691335221787014,WATCHLIST_2,0.18331624110147282,-0.1586249058796858,False,0.4840608796460244,-0.4593695444242374,False
2021,KO,0.11372479553182702,WATCHLIST_2,0.2872874938081522,-0.1735626982763252,False,0.2741975024097987,-0.16047270687797166,False
2022,KO,0.10609568179380457,WATCHLIST_2,-0.18175362536271722,0.2878493071565218,True,-0.32577015419918554,0.4318658359929901,True
2023,KO,-0.044345205176602454,WATCHLIST_2,0.2617578836134973,-0.30610308879009973,False,0.5485556805609806,-0.592900885737583,False
2024,KO,0.088775083037403,WATCHLIST_2,0.24886476304115313,-0.16008968000375012,False,0.25578264727390376,-0.16700756423650076,False
2025,KO,0.15600036103086068,WATCHLIST_2,0.17719055511914772,-0.02119019408828704,False,0.2077254825855681,-0.05172512155470743,False
2026,KO,0.19514950198445358,WATCHLIST_2,0.11277168154779438,0.0823778204366592,True,0.17112659960592147,0.024022902378532107,True
2017,BAC,0.35685205871642434,WATCHLIST_2,0.21705369394049656,0.13979836477592777,True,0.3266353834563378,0.030216675260086534,True
2018,BAC,-0.14996576827637476,WATCHLIST_2,-0.04568978481733965,-0.1042759834590351,False,-0.001261800995099982,-0.14870396728127477,False
2019,BAC,0.4619020909482803,WATCHLIST_2,0.31223870646836804,0.14966338447991223,True,0.3896155238370911,0.07228656711118919,True
2020,BAC,-0.1163294629492424,WATCHLIST_2,0.18331624110147282,-0.2996457040507152,False,0.4840608796460244,-0.6003903425952668,False
2021,BAC,0.496090265662678,WATCHLIST_2,0.2872874938081522,0.20880277185452578,True,0.2741975024097987,0.22189276325287932,True
2022,BAC,-0.23822965000826646,WATCHLIST_2,-0.18175362536271722,-0.05647602464554924,False,-0.32577015419918554,0.08754050419091908,True
2023,BAC,0.04825952600862271,WATCHLIST_2,0.2617578836134973,-0.21349835760487457,False,0.5485556805609806,-0.5002961545523579,False
2024,BAC,0.3385334961631139,WATCHLIST_2,0.24886476304115313,0.08966873312196078,True,0.25578264727390376,0.08275084888921014,True
2025,BAC,0.28040587640840897,WATCHLIST_2,0.17719055511914772,0.10321532128926125,True,0.2077254825855681,0.07268039382284086,True
2026,BAC,0.1319999312896203,WATCHLIST_2,0.11277168154779438,0.01922824974182591,True,0.17112659960592147,-0.03912666831630118,False
2017,AXP,0.3621629465041636,WATCHLIST_2,0.21705369394049656,0.14510925256366702,True,0.3266353834563378,0.03552756304782578,True
2018,AXP,-0.026201405255733112,WATCHLIST_2,-0.04568978481733965,0.01948837956160654,True,-0.001261800995099982,-0.02493960426063313,False
2019,AXP,0.32517370592949746,WATCHLIST_2,0.31223870646836804,0.012934999461129415,True,0.3896155238370911,-0.06444181790759362,False
2020,AXP,-0.01141843899992312,WATCHLIST_2,0.18331624110147282,-0.19473468010139594,False,0.4840608796460244,-0.4954793186459475,False
2021,AXP,0.3688461881482439,WATCHLIST_2,0.2872874938081522,0.08155869434009166,True,0.2741975024097987,0.0946486857384452,True
2022,AXP,-0.0851692711680413,WATCHLIST_2,-0.18175362536271722,0.09658435419467593,True,-0.32577015419918554,0.24060088303114424,True
2023,AXP,0.28670556825761584,WATCHLIST_2,0.2617578836134973,0.024947684644118562,True,0.5485556805609806,-0.26185011230336475,False
2024,AXP,0.603201241726339,WATCHLIST_2,0.24886476304115313,0.3543364786851859,True,0.25578264727390376,0.3474185944524353,True
2025,AXP,0.2599322223992995,WATCHLIST_2,0.17719055511914772,0.08274166728015175,True,0.2077254825855681,0.05220673981373136,True
2026,AXP,-0.023223689933434932,WATCHLIST_2,0.11277168154779438,-0.1359953714812293,False,0.17112659960592147,-0.1943502895393564,False
2017,CVX,0.10589592879437615,WATCHLIST_2,0.21705369394049656,-0.11115776514612041,False,0.3266353834563378,-0.22073945466196165,False
2018,CVX,-0.09747428170248018,WATCHLIST_2,-0.04568978481733965,-0.05178449688514053,False,-0.001261800995099982,-0.0962124807073802,False
2019,CVX,0.15273647975886573,WATCHLIST_2,0.31223870646836804,-0.15950222670950231,False,0.3896155238370911,-0.23687904407822535,False
2020,CVX,-0.2595208588600676,WATCHLIST_2,0.18331624110147282,-0.4428370999615404,False,0.4840608796460244,-0.743581738506092,False
2021,CVX,0.4624128919662267,WATCHLIST_2,0.2872874938081522,0.17512539815807449,True,0.2741975024097987,0.18821538955642803,True
2022,CVX,0.5846234973282158,WATCHLIST_2,-0.18175362536271722,0.766377122690933,True,-0.32577015419918554,0.9103936515274014,True
2023,CVX,-0.13632715742757096,WATCHLIST_2,0.2617578836134973,-0.39808504104106823,False,0.5485556805609806,-0.6848828379885515,False
2024,CVX,0.012870980044491276,WATCHLIST_2,0.24886476304115313,-0.23599378299666185,False,0.25578264727390376,-0.2429116672294125,False
2025,CVX,0.1010443732541686,WATCHLIST_2,0.17719055511914772,-0.07614618186497912,False,0.2077254825855681,-0.10668110933139952,False
2026,CVX,0.21419898096288836,WATCHLIST_2,0.11277168154779438,0.10142729941509399,True,0.17112659960592147,0.04307238135696689,True
2017,XOM,-0.038069316220756266,WATCHLIST_2,0.21705369394049656,-0.25512301016125283,False,0.3266353834563378,-0.36470469967709407,False
2018,XOM,-0.1509331672580123,WATCHLIST_2,-0.04568978481733965,-0.10524338244067266,False,-0.001261800995099982,-0.14967136626291233,False
2019,XOM,0.07232864707426456,WATCHLIST_2,0.31223870646836804,-0.23991005939410348,False,0.3896155238370911,-0.3172868767628265,False
2020,XOM,-0.3621101704338695,WATCHLIST_2,0.18331624110147282,-0.5454264115353423,False,0.4840608796460244,-0.8461710500798939,False
2021,XOM,0.5757552284072538,WATCHLIST_2,0.2872874938081522,0.2884677345991016,True,0.2741975024097987,0.3015577259974551,True
2022,XOM,0.8740908952204556,WATCHLIST_2,-0.18175362536271722,1.0558445205831728,True,-0.32577015419918554,1.1998610494196411,True
2023,XOM,-0.06261542061816683,WATCHLIST_2,0.2617578836134973,-0.3243733042316641,False,0.5485556805609806,-0.6111711011791474,False
2024,XOM,0.11261612332893667,WATCHLIST_2,0.24886476304115313,-0.13624863971221646,False,0.25578264727390376,-0.1431665239449671,False
2025,XOM,0.15977171105080257,WATCHLIST_2,0.17719055511914772,-0.017418844068345152,False,0.2077254825855681,-0.047953771534765544,False
2026,XOM,0.2170566952718771,WATCHLIST_2,0.11277168154779438,0.10428501372408272,True,0.17112659960592147,0.04593009566595563,True
2017,LIN,0.351428158621514,WATCHLIST_2,0.21705369394049656,0.13437446468101744,True,0.3266353834563378,0.024792775165176195,True
2018,LIN,0.030116122520513322,WATCHLIST_2,-0.04568978481733965,0.07580590733785297,True,-0.001261800995099982,0.031377923515613304,True
2019,LIN,0.3904196786185039,WATCHLIST_2,0.31223870646836804,0.07818097215013586,True,0.3896155238370911,0.0008041547814128247,True
2020,LIN,0.25878910610572525,WATCHLIST_2,0.18331624110147282,0.07547286500425243,True,0.4840608796460244,-0.22527177354029915,False
2021,LIN,0.33390701186801364,WATCHLIST_2,0.2872874938081522,0.04661951805986142,True,0.2741975024097987,0.05970950945821496,True
2022,LIN,-0.04393710565443654,WATCHLIST_2,-0.18175362536271722,0.13781651970828068,True,-0.32577015419918554,0.281833048544749,True
2023,LIN,0.2765687736696514,WATCHLIST_2,0.2617578836134973,0.014810890056154102,True,0.5485556805609806,-0.2719869068913292,False
2024,LIN,0.03181409571180893,WATCHLIST_2,0.24886476304115313,-0.2170506673293442,False,0.25578264727390376,-0.22396855156209483,False
2025,LIN,0.03215268325305143,WATCHLIST_2,0.17719055511914772,-0.1450378718660963,False,0.2077254825855681,-0.17557279933251668,False
2026,LIN,0.21369709520282676,WATCHLIST_2,0.11277168154779438,0.10092541365503238,True,0.17112659960592147,0.04257049559690529,True
2017,NOC,0.3388488700106258,WATCHLIST_2,0.21705369394049656,0.12179517607012924,True,0.3266353834563378,0.012213486554288,True
2018,NOC,-0.18952212572024507,WATCHLIST_2,-0.04568978481733965,-0.14383234090290542,False,-0.001261800995099982,-0.1882603247251451,False
2019,NOC,0.4268854829845472,WATCHLIST_2,0.31223870646836804,0.11464677651617916,True,0.3896155238370911,0.03726995914745612,True
2020,NOC,-0.09919200081099011,WATCHLIST_2,0.18331624110147282,-0.28250824191246293,False,0.4840608796460244,-0.5832528804570145,False
2021,NOC,0.2929389114314924,WATCHLIST_2,0.2872874938081522,0.005651417623340205,True,0.2741975024097987,0.018741409021693745,True
2022,NOC,0.430188816765783,WATCHLIST_2,-0.18175362536271722,0.6119424421285002,True,-0.32577015419918554,0.7559589709649686,True
2023,NOC,-0.12791113862817738,WATCHLIST_2,0.2617578836134973,-0.38966902224167466,False,0.5485556805609806,-0.676466819189158,False
2024,NOC,0.01931735869416018,WATCHLIST_2,0.24886476304115313,-0.22954740434699294,False,0.25578264727390376,-0.23646528857974358,False
2025,NOC,0.23614715790943075,WATCHLIST_2,0.17719055511914772,0.05895660279028303,True,0.2077254825855681,0.02842167532386264,True
2026,NOC,-0.07188388221390951,WATCHLIST_2,0.11277168154779438,-0.1846555637617039,False,0.17112659960592147,-0.24301048181983098,False
2017,UNH,0.39834965413865775,WATCHLIST_2,0.21705369394049656,0.1812959601981612,True,0.3266353834563378,0.07171427068231995,True
2018,UNH,0.14523930520145356,WATCHLIST_2,-0.04568978481733965,0.1909290900187932,True,-0.001261800995099982,0.14650110619655354,True
2019,UNH,0.2000311604185827,WATCHLIST_2,0.31223870646836804,-0.11220754604978533,False,0.3896155238370911,-0.18958436341850837,False
2020,UNH,0.21250143580640102,WATCHLIST_2,0.18331624110147282,0.029185194704928197,True,0.4840608796460244,-0.2715594438396234,False
2021,UNH,0.45203661727510447,WATCHLIST_2,0.2872874938081522,0.16474912346695225,True,0.2741975024097987,0.1778391148653058,True
2022,UNH,0.06936305601102188,WATCHLIST_2,-0.18175362536271722,0.2511166813737391,True,-0.32577015419918554,0.3951332102102074,True
2023,UNH,0.007951941885962599,WATCHLIST_2,0.2617578836134973,-0.2538059417275347,False,0.5485556805609806,-0.540603738675018,False
2024,UNH,-0.02410355071497494,WATCHLIST_2,0.24886476304115313,-0.27296831375612807,False,0.25578264727390376,-0.2798861979888787,False
2025,UNH,-0.3313573894033789,WATCHLIST_2,0.17719055511914772,-0.5085479445225266,False,0.2077254825855681,-0.539082871988947,False
2026,UNH,0.2849735801125908,WATCHLIST_2,0.11277168154779438,0.1722018985647964,True,0.17112659960592147,0.1138469805066693,True
2017,MU,0.8759123592577984,WATCHLIST_2,0.21705369394049656,0.6588586653173019,True,0.3266353834563378,0.5492769758014606,True
2018,MU,-0.2283560275191897,WATCHLIST_2,-0.04568978481733965,-0.18266624270185006,False,-0.001261800995099982,-0.22709422652408973,False
2019,MU,0.6949259615724253,WATCHLIST_2,0.31223870646836804,0.3826872551040572,True,0.3896155238370911,0.3053104377353342,True
2020,MU,0.39791742346619974,WATCHLIST_2,0.18331624110147282,0.21460118236472692,True,0.4840608796460244,-0.08614345617982466,False
2021,MU,0.24208119579623055,WATCHLIST_2,0.2872874938081522,-0.045206298011921664,False,0.2741975024097987,-0.032116306613568124,False
2022,MU,-0.45929729256904306,WATCHLIST_2,-0.18175362536271722,-0.27754366720632584,False,-0.32577015419918554,-0.13352713836985752,False
2023,MU,0.7193115719866632,WATCHLIST_2,0.2617578836134973,0.4575536883731659,True,0.5485556805609806,0.1707558914256826,True
2024,MU,-0.009614206020683302,WATCHLIST_2,0.24886476304115313,-0.2584789690618364,False,0.25578264727390376,-0.26539685329458707,False
2025,MU,2.402392589682527,WATCHLIST_2,0.17719055511914772,2.225202034563379,True,0.2077254825855681,2.194667107096959,True
2026,MU,2.17017294411546,WATCHLIST_2,0.11277168154779438,2.057401262567666,True,0.17112659960592147,1.9990463445095386,True
2026,SNDK,5.803437386385083,WATCHLIST_2,0.11277168154779438,5.690665704837288,True,0.17112659960592147,5.632310786779161,True
2017,WDC,0.19828731548181455,WATCHLIST_2,0.21705369394049656,-0.01876637845868201,False,0.3266353834563378,-0.12834806797452325,False
2018,WDC,-0.51902898507516,WATCHLIST_2,-0.04568978481733965,-0.4733392002578204,False,-0.001261800995099982,-0.5177671840800601,False
2019,WDC,0.7714193322047553,WATCHLIST_2,0.31223870646836804,0.4591806257363873,True,0.3896155238370911,0.38180380836766425,True
2020,WDC,-0.10885216424683064,WATCHLIST_2,0.18331624110147282,-0.29216840534830346,False,0.4840608796460244,-0.592913043892855,False
2021,WDC,0.17728816162550332,WATCHLIST_2,0.2872874938081522,-0.1099993321826489,False,0.2741975024097987,-0.09690934078429536,False
2022,WDC,-0.5161785540074535,WATCHLIST_2,-0.18175362536271722,-0.3344249286447363,False,-0.32577015419918554,-0.19040839980826796,False
2023,WDC,0.659904937208533,WATCHLIST_2,0.2617578836134973,0.39814705359503577,True,0.5485556805609806,0.11134925664755246,True
2024,WDC,0.13862913631343576,WATCHLIST_2,0.24886476304115313,-0.11023562672771736,False,0.25578264727390376,-0.117153510960468,False
2025,WDC,2.83678483344239,WATCHLIST_2,0.17719055511914772,2.659594278323242,True,0.2077254825855681,2.6290593508568216,True
2026,WDC,1.9849655330866058,WATCHLIST_2,0.11277168154779438,1.8721938515388115,True,0.17112659960592147,1.8138389334806844,True
2017,STX,0.1666949272528564,WATCHLIST_2,0.21705369394049656,-0.050358766687640166,False,0.3266353834563378,-0.1599404562034814,False
2018,STX,-0.029003165827470534,WATCHLIST_2,-0.04568978481733965,0.016686618989869118,True,-0.001261800995099982,-0.027741364832370552,False
2019,STX,0.6214082266133016,WATCHLIST_2,0.31223870646836804,0.3091695201449336,True,0.3896155238370911,0.23179270277621056,True
2020,STX,0.10139173571831384,WATCHLIST_2,0.18331624110147282,-0.08192450538315899,False,0.4840608796460244,-0.38266914392771056,False
2021,STX,0.875030466757238,WATCHLIST_2,0.2872874938081522,0.5877429729490857,True,0.2741975024097987,0.6008329643474393,True
2022,STX,-0.5141506151402028,WATCHLIST_2,-0.18175362536271722,-0.33239698977748555,False,-0.32577015419918554,-0.18838046094101724,False
2023,STX,0.691195202463057,WATCHLIST_2,0.2617578836134973,0.4294373188495597,True,0.5485556805609806,0.1426395219020764,True
2024,STX,0.04060541713255472,WATCHLIST_2,0.24886476304115313,-0.2082593459085984,False,0.25578264727390376,-0.21517723014134904,False
2025,STX,2.2526243970668434,WATCHLIST_2,0.17719055511914772,2.075433841947696,True,0.2077254825855681,2.0448989144812755,True
2026,STX,2.015129450656071,WATCHLIST_2,0.11277168154779438,1.9023577691082767,True,0.17112659960592147,1.8440028510501496,True
2017,OXY,0.08485584697735393,WATCHLIST_2,0.21705369394049656,-0.13219784696314263,False,0.3266353834563378,-0.24177953647898387,False
2018,OXY,-0.1304889208140385,WATCHLIST_2,-0.04568978481733965,-0.08479913599669886,False,-0.001261800995099982,-0.12922711981893853,False
2019,OXY,-0.28283150586418815,WATCHLIST_2,0.31223870646836804,-0.5950702123325562,False,0.3896155238370911,-0.6724470297012792,False
2020,OXY,-0.5663280751007027,WATCHLIST_2,0.18331624110147282,-0.7496443162021755,False,0.4840608796460244,-1.050388954746727,False
2021,OXY,0.6771089965890063,WATCHLIST_2,0.2872874938081522,0.38982150278085403,True,0.2741975024097987,0.4029114941792076,True
2022,OXY,1.1909838905498482,WATCHLIST_2,-0.18175362536271722,1.3727375159125654,True,-0.32577015419918554,1.5167540447490337,True
2023,OXY,-0.040777901189097965,WATCHLIST_2,0.2617578836134973,-0.30253578480259524,False,0.5485556805609806,-0.5893335817500786,False
2024,OXY,-0.15909996128213266,WATCHLIST_2,0.24886476304115313,-0.4079647243232858,False,0.25578264727390376,-0.4148826085560364,False
2025,OXY,-0.14945249333860589,WATCHLIST_2,0.17719055511914772,-0.3266430484577536,False,0.2077254825855681,-0.357177975924174,False
2026,OXY,0.31991350204174585,WATCHLIST_2,0.11277168154779438,0.20714182049395147,True,0.17112659960592147,0.14878690243582438,True
2017,PBR,0.017804425666906543,WATCHLIST_2,0.21705369394049656,-0.19924926827359002,False,0.3266353834563378,-0.30883095778943126,False
2018,PBR,0.27683822861162755,WATCHLIST_2,-0.04568978481733965,0.3225280134289672,True,-0.001261800995099982,0.27810002960672753,True
2019,PBR,0.23731529263961693,WATCHLIST_2,0.31223870646836804,-0.07492341382875112,False,0.3896155238370911,-0.15230023119747416,False
2020,PBR,-0.2888302412708078,WATCHLIST_2,0.18331624110147282,-0.47214648237228063,False,0.4840608796460244,-0.7728911209168322,False
2021,PBR,0.20426374425672789,WATCHLIST_2,0.2872874938081522,-0.08302374955142433,False,0.2741975024097987,-0.06993375815307079,False
2022,PBR,0.5723082240607311,WATCHLIST_2,-0.18175362536271722,0.7540618494234483,True,-0.32577015419918554,0.8980783782599167,True
2023,PBR,0.8918126257107051,WATCHLIST_2,0.2617578836134973,0.6300547420972078,True,0.5485556805609806,0.3432569451497245,True
2024,PBR,-0.022609058943409588,WATCHLIST_2,0.24886476304115313,-0.2714738219845627,False,0.25578264727390376,-0.27839170621731335,False
2025,PBR,-0.010569600197840479,WATCHLIST_2,0.17719055511914772,-0.1877601553169882,False,0.2077254825855681,-0.2182950827834086,False
2026,PBR,0.5276807569535835,WATCHLIST_2,0.11277168154779438,0.41490907540578914,True,0.17112659960592147,0.35655415734766205,True
