ticker,history_start,history_end,history_years,full_10y,total_return,cagr,annualized_volatility,max_drawdown,current_drawdown,sharpe,sortino,group,market_cap,trailing_pe,forward_pe,price_to_book,peg_ratio,enterprise_to_ebitda,gross_margin,operating_margin,profit_margin,roe,revenue_growth,earnings_growth,free_cash_flow,operating_cash_flow,total_cash,total_debt,debt_to_equity,dividend_yield,scheme,events,avg_ret_126d,win_rate_ret_126d,avg_ret_252d,win_rate_ret_252d,avg_max_adverse_252d,discount_verdict,years,beat_spy_rate,beat_qqq_rate,avg_alpha_spy,avg_alpha_qqq,rank_score
SKHY,2026-07-10,2026-07-15,0.013689253935660506,False,0.05029469962090527,35.03970652012712,3.3406217394895794,-0.0932086715988979,-0.09003708549887046,2.247326948449108,210.87824773829487,WATCHLIST_2,1252610015232.0,28.2336,4.359944,11.405699,,-0.34,0.68342,0.71535003,0.5689,0.61172,1.981,3.966,25809054072832.0,70679575658496.0,54361531088896.0,21832415576064.0,13.282,,,,,,,,,,,,,,,1244.8218981304653
SNDK,2025-02-13,2026-07-15,1.4154688569472964,False,43.861111111111114,13.689689790723294,1.03628794168052,-0.4750088301928227,-0.3083511777301927,3.116405176095937,4.906640809962694,WATCHLIST_2,239164964864.0,60.23872,7.770058,17.349174,,41.839,0.56038,0.69983,0.34185,0.39297,2.51,,2259500032.0,4639000064.0,3735000064.0,207000000.0,1.503,,STOCK_C_25_35_45_60,4.0,9.899032986965185,0.5,,0.0,-0.029013282606688617,WATCH_SAMPLE_LOW,1.0,1.0,1.0,5.690665704837288,5.632310786779161,672.9724550269009
DRAM,2026-04-02,2026-07-15,0.28473648186173856,False,1.067723380857874,11.82376383757704,0.9722704431091831,-0.2901387714255361,-0.28889989274235894,3.1640891958339425,4.8762236418293945,WATCHLIST_2,,25.84806,,,,,,,,,,,,,,,,,,,,,,,,,,,,,,409.47965274381335
GEV,2024-03-27,2026-07-15,2.299794661190965,False,7.074205489898667,1.4798558119341871,0.5337865668876075,-0.3828562017543651,-0.10178230388781573,1.947694422895446,2.829370891410069,WATCHLIST_1,283574861824.0,31.156778,42.884995,20.368664,1.79,81.611,0.20282,0.05461,0.23809999,0.75708,0.163,18.165,9315624960.0,9013999616.0,9772000256.0,3755000064.0,24.925,0.19,STOCK_C_25_35_45_60,2.0,1.0493292214369432,1.0,1.9173574269017892,1.0,-0.08806569057075209,WATCH_SAMPLE_LOW,2.0,1.0,1.0,0.6589182866203007,0.6144734625201241,99.76274864293521
MU,2016-07-18,2026-07-15,9.990417522245037,True,68.51545194565719,0.5289202099912147,0.5075864911850637,-0.5762897831378635,-0.2547388796025737,1.0529970347618693,1.5863471062918268,WATCHLIST_2,1021287661568.0,22.223644,6.0098834,14.077246,0.14,14.682,0.72569,0.80370003,0.55906,0.66638,3.457,13.685,7639499776.0,51432001536.0,26022000640.0,6376000000.0,6.33,0.05,STOCK_B_20_30_40_55,33.0,0.18443153766927758,0.45454545454545453,0.22056623500836825,0.3333333333333333,-0.2819964429716212,WATCH,10.0,0.6,0.5,0.5232409359715247,0.44747791352967176,62.74920821311828
NVDA,2016-07-18,2026-07-15,9.990417522245037,True,162.64203525110523,0.6657193726229771,0.49912776726903585,-0.6633508667198122,-0.09753262682911912,1.2334193475020467,1.8311784188845666,ACTIVE_10,5146962558976.0,32.44275,16.595171,26.332096,0.65,30.826,0.74144995,0.65596,0.62966,1.14288,0.852,2.145,46335873024.0,125648003072.0,53171998720.0,12814000128.0,6.555,0.47,STOCK_A_15_25_35_50,38.0,0.43662354583688606,0.7105263157894737,0.7496536755972031,0.7894736842105263,-0.1706609416563982,STRONG_RESEARCH_CANDIDATE,10.0,0.8,0.7,0.6315880460577113,0.5558250236158584,57.228151386455046
AVGO,2016-07-18,2026-07-15,9.990417522245037,True,30.684575830648775,0.4132817345470958,0.3965115597227024,-0.4829996313012872,-0.17996552365635843,1.0227126007157383,1.4239703685612983,ACTIVE_10,1875818708992.0,64.95552,20.30602,21.39338,0.45,45.649,0.76284,0.48988,0.38848,0.37280998,0.479,0.854,27212249088.0,33621999616.0,19627999232.0,64907001856.0,74.018,0.67,STOCK_C_25_35_45_60,14.0,0.598592972972812,0.8571428571428571,0.9758874739038736,0.8571428571428571,-0.057167881058688544,STRONG_RESEARCH_CANDIDATE,10.0,0.9,0.7,0.2913017918860448,0.21553876944419192,51.8215494056498
CEG,2022-01-19,2026-07-15,4.484599589322382,False,5.374446478925784,0.511398149423264,0.4929947573069848,-0.5070228044711592,-0.35843673572734447,1.0461097586220756,1.51965031074468,WATCHLIST_1,92173385728.0,22.27049,19.002756,2.7933617,3.74,14.474,0.23263,0.21858,0.12693,0.16104999,0.638,10.91,-4478875136.0,4554999808.0,864000000.0,22466000896.0,66.428,0.67,STOCK_C_25_35_45_60,6.0,0.5650193001959778,0.6666666666666666,0.5689210535811363,0.6666666666666666,-0.14342559631669677,STRONG_RESEARCH_CANDIDATE,4.0,0.75,0.5,0.20492371022637199,0.10927228065415232,47.67805933235318
LLY,2016-07-18,2026-07-15,9.990417522245037,True,16.0013905984777,0.32790335605670995,0.30315328727326585,-0.3447500609952755,-0.0638820048948261,1.0227476074292783,1.4761099609922828,WATCHLIST_1,1031414808576.0,40.98618,25.770454,33.125126,1.54,29.532,0.82832,0.49386,0.34986,1.07459,0.555,1.699,9156599808.0,20480000000.0,5281999872.0,43370000384.0,139.015,0.6,STOCK_C_25_35_45_60,1.0,0.42840072652032446,1.0,0.4172163728917815,1.0,-0.12385749548808356,WATCH_SAMPLE_LOW,10.0,0.7,0.6,0.19094506283099752,0.11518204038914463,46.12039744486058
AMD,2016-07-18,2026-07-15,9.990417522245037,True,95.03266654597178,0.5791814936445814,0.5700394854543102,-0.6544994295506881,-0.08911872904480722,1.0521669565254135,1.6209064147660743,ACTIVE_10,862816043008.0,181.83505,39.69367,13.380029,1.34,114.985,0.5306,0.14396,0.13374,0.08063,0.378,0.912,7173374976.0,9724999680.0,12346999808.0,3871000064.0,6.005,,STOCK_C_25_35_45_60,29.0,0.3292401532159249,0.6551724137931034,0.32783226599188564,0.4827586206896552,-0.24651143524857516,STRONG_RESEARCH_CANDIDATE,10.0,0.7,0.7,0.49715395551583763,0.42139093307398473,43.40436727046993
PWR,2016-07-18,2026-07-15,9.990417522245037,True,24.76753584309346,0.384339574347204,0.33890753510523464,-0.4553341255158031,-0.1735785861397373,1.0728403905968311,1.5162782757273776,WATCHLIST_1,97365024768.0,90.873955,39.390816,10.764841,2.04,38.892,0.15100001,0.04244,0.036679998,0.13534,0.263,0.51,1037176768.0,2378515968.0,364760992.0,6319672832.0,69.121,0.07,STOCK_C_25_35_45_60,11.0,0.3968432914729789,0.9090909090909091,0.8332753713818747,0.9090909090909091,-0.12579878766987865,STRONG_RESEARCH_CANDIDATE,10.0,0.8,0.6,0.21553624340391025,0.1397732209620574,42.02619166841886
STX,2016-07-18,2026-07-15,9.990417522245037,True,40.649602520299815,0.4525009791390908,0.4218115404887792,-0.569918392464988,-0.24235807543331334,1.0513790269201444,1.4518599070502318,WATCHLIST_2,185728876544.0,83.32998,29.083597,169.7336,0.63,53.717,0.41571,0.35668,0.21599,17.8797,0.441,1.083,1610000000.0,2876999936.0,1146000000.0,4177999872.0,381.553,0.34,STOCK_C_25_35_45_60,23.0,0.5060734022488841,0.782608695652174,1.0259821644938867,0.8260869565217391,-0.19099988582960925,STRONG_RESEARCH_CANDIDATE,10.0,0.6,0.5,0.4647888556457264,0.3890258332038735,41.74587637314836
DELL,2016-08-17,2026-07-15,9.908281998631075,True,36.58287888349426,0.4419723260264623,0.44288515445454757,-0.5958774223022354,-0.11434457841094159,1.002048301428605,1.3981687316471363,WATCHLIST_1,266650042368.0,36.48806,19.197838,-190.79056,0.71,20.462,0.19212,0.088570006,0.062750004,,0.875,2.825,5434124800.0,12469999616.0,11580999680.0,31924000768.0,,0.55,STOCK_B_20_30_40_55,16.0,0.26630533723350014,0.625,0.4683902511377045,0.625,-0.20005900051661607,STRONG_RESEARCH_CANDIDATE,10.0,0.7,0.7,0.3618262421476032,0.2860632197057503,41.71470016289514
LIN,2016-07-18,2026-07-15,9.990417522245037,True,4.126906756273665,0.17775139923248617,0.22838795174654294,-0.3258505283246156,-0.059435806680325776,0.7449248551312796,1.0509185667355958,WATCHLIST_2,237715865600.0,34.599598,26.085745,6.167235,2.24,19.259,0.48766,0.28471002,0.20436001,0.18229,0.082,0.134,4694499840.0,10428999680.0,3959000064.0,26317000704.0,65.642,1.22,STOCK_C_25_35_45_60,1.0,0.5782220020135043,1.0,0.7273794401193343,1.0,-0.05075306110616229,WATCH_SAMPLE_LOW,10.0,0.8,0.6,0.03019178457453766,-0.04557123786731523,40.093391148470346
TSM,2016-07-18,2026-07-15,9.990417522245037,True,18.089483509818145,0.3433904831821408,0.34587584056061066,-0.5646657359523592,-0.12163660918189478,0.9708154486135225,1.4633597024784393,ACTIVE_10,2175622184960.0,36.50827,20.67296,94.92151,1.36,5.307,0.61873,0.58105,0.46505,0.3621,0.351,0.584,719158444032.0,2348378226688.0,3383596154880.0,1094369804288.0,18.447,0.9,STOCK_C_25_35_45_60,6.0,0.3499776681691804,0.5,0.7675107168276902,0.6666666666666666,-0.18387096281310286,WATCH,10.0,0.8,0.6,0.24406506210184728,0.1683020396599944,37.861695894627246
AAPL,2016-07-18,2026-07-15,9.990417522245037,True,13.410638997145472,0.30610911692442944,0.2907184500146329,-0.38515929605470034,0.0,0.9977632584408282,1.3738207871314294,WATCHLIST_2,4810109091840.0,38.170162,34.04044,45.11019,2.55,30.169,0.47862,0.32275,0.27152002,1.4147099,0.166,0.218,101090746368.0,140222005248.0,68507000832.0,84710998016.0,79.548,0.34,STOCK_B_20_30_40_55,15.0,0.2598377492155088,0.8,0.4538421312607999,0.9333333333333333,-0.09587049684560726,STRONG_RESEARCH_CANDIDATE,10.0,0.7,0.7,0.17473509614802601,0.09897207370617314,37.56263602976716
GOOGL,2016-07-18,2026-07-15,9.990417522245037,True,8.936512244761982,0.25840098219587815,0.29229011917427694,-0.44320058535941875,-0.078184009209736,0.8663365375337648,1.207117452301902,ACTIVE_10,4526178304000.0,27.394388,25.421082,9.3870535,1.41,27.667,0.60368,0.36121,0.37919,0.38884997,0.218,0.82,27921750016.0,174353006592.0,126839996416.0,95875997696.0,20.026,0.24,STOCK_C_25_35_45_60,6.0,0.2627498177706537,0.8333333333333334,0.41050446621455894,1.0,-0.08937957602866713,STRONG_RESEARCH_CANDIDATE,10.0,0.8,0.6,0.13904363148845694,0.06328060904660404,37.0689361963576
BTC-USD,2016-07-16,2026-07-16,9.998631074606434,True,96.7039649059898,0.5813152635372121,0.5548538617850347,-0.8339900882218974,-0.48249900866239936,0.8133300277149311,1.0982285090275157,ACTIVE_10,1295193997312.0,,,,,,,,,,,,,,,,,,STOCK_C_25_35_45_60,31.0,0.43908137659819435,0.6129032258064516,0.8853818779866351,0.5483870967741935,-0.20441189871683535,STRONG_RESEARCH_CANDIDATE,10.0,0.6,0.6,1.7727089033986236,1.6969458809567706,35.55143580751138
MRVL,2016-07-18,2026-07-15,9.990417522245037,True,21.016766106201626,0.36271220404180515,0.526538345622169,-0.6187945674157804,-0.3480046875327084,0.8113766952307366,1.2025741988468943,ACTIVE_10,185127518208.0,70.87972,33.27096,9.914439,1.33,67.061,0.51502997,0.14479999,0.28986,0.16028,0.276,-0.804,2269700096.0,2056400000.0,3843599872.0,5277199872.0,28.97,0.11,STOCK_C_25_35_45_60,25.0,0.22532836202703302,0.64,0.30699796690467457,0.52,-0.19586395632679587,STRONG_RESEARCH_CANDIDATE,10.0,0.7,0.7,0.3168174931302405,0.24105447068838762,34.92995406063197
COST,2016-07-18,2026-07-15,9.990417522245037,True,5.484098854867109,0.20576544231107685,0.2199401262032599,-0.31402427582205206,-0.16245702992491973,0.8726457664242813,1.1396551766872374,WATCHLIST_1,406466068480.0,46.289898,40.471542,24.586618,4.47,29.357,0.12876001,0.036730003,0.0301,0.29152,0.215,0.455,6954375168.0,15000000512.0,11125999616.0,10227999744.0,60.257,0.64,STOCK_B_20_30_40_55,4.0,0.23961445665881592,1.0,0.28636838582154817,0.75,-0.019428139323535543,WATCH_SAMPLE_LOW,10.0,0.7,0.5,0.0766226601199776,0.0008596376781247139,33.51634319343915
MSFT,2016-07-18,2026-07-15,9.990417522245037,True,7.292812836456637,0.23582878103148341,0.27191392589140523,-0.3714848024021429,-0.2655273165512836,0.8434360870987774,1.153196957869196,WATCHLIST_1,2938911850496.0,22.935072,20.421362,7.093067,1.19,16.189,0.68309,0.46326,0.39341998,0.34013999,0.183,0.234,37011251200.0,170141007872.0,78227996672.0,125431996416.0,30.271,0.95,STOCK_C_25_35_45_60,5.0,0.2686810509473586,0.6,0.42207212870992245,0.8,-0.06451825008246419,STRONG_RESEARCH_CANDIDATE,10.0,0.6,0.6,0.09763956212230693,0.021876539680454044,31.929890924280162
MA,2016-07-18,2026-07-15,9.990417522245037,True,5.196965325603924,0.20031128657092645,0.2689204283858071,-0.4099720538066496,-0.10086625211687406,0.7407627717287572,0.9761742143528418,WATCHLIST_1,472902959104.0,31.153086,23.47986,70.64546,1.62,22.625,1.0,0.60836,0.45876,2.32076,0.158,0.212,16148124672.0,18267000832.0,8218999808.0,18959998976.0,282.059,0.65,STOCK_C_25_35_45_60,4.0,0.32902044431983557,1.0,0.5522102822897887,1.0,-0.0667214571034552,WATCH_SAMPLE_LOW,10.0,0.5,0.4,0.0443686506609588,-0.03139437178089409,31.771940887680216
RKLB,2020-11-24,2026-07-15,5.637234770704997,False,6.8201963821254585,0.44028889270283456,0.7896138673380757,-0.8296332003681772,-0.4927777466862181,0.8207572849405254,1.4229515844883076,ACTIVE_10,47611187200.0,,2540.0,19.374521,,-260.001,0.36556,-0.22356,-0.26872,-0.13549,0.635,,-214999376.0,-161628000.0,1383351040.0,138670000.0,6.124,,STOCK_B_20_30_40_55,22.0,0.6609314478531252,0.4090909090909091,0.8281197166716713,0.2727272727272727,-0.289371582033221,WATCH,6.0,0.5,0.3333333333333333,0.7532297585940756,0.7156465740785495,31.00278738111585
AXP,2016-07-18,2026-07-15,9.990417522245037,True,5.4277264253502375,0.2047120229879562,0.31783925849574146,-0.49638490133874047,-0.06113850294215495,0.6818125829063754,0.9366321490567102,WATCHLIST_2,244573093888.0,22.166975,17.772102,7.190948,1.67,,0.62759,0.21245001,0.16305,0.34419,0.116,0.176,,17468000256.0,53866999808.0,60458999808.0,177.847,1.07,STOCK_C_25_35_45_60,7.0,0.19459174904438795,0.8571428571428571,0.47922445712972245,1.0,-0.13545429099286457,STRONG_RESEARCH_CANDIDATE,10.0,0.8,0.5,0.04869713615835882,-0.027065886283494066,30.278802091591754
QQQ,2016-07-18,2026-07-15,9.990417522245037,True,5.834628217185372,0.21213656603783404,0.22444936603167756,-0.35118736664376404,-0.0370312320228241,0.8830096420866479,1.1271711098138681,ACTIVE_10,,31.849918,,2.0061269,,,,,,,,,,,,,,0.41,ETF_B_15_25_35,10.0,0.23450405303198307,0.8,0.3425486421430497,0.9,-0.07066552958048286,STRONG_RESEARCH_CANDIDATE,10.0,0.8,0.4,0.07576299855102463,-2.389082826015354e-08,29.674530107147476
BAC,2016-07-18,2026-07-15,9.990417522245037,True,4.454333054881243,0.18507225680799722,0.3046542447975602,-0.48946808976744793,0.0,0.6454073843666889,0.8919900440036371,WATCHLIST_2,437079015424.0,13.997727,11.736861,1.5929546,1.06,,0.0,0.38305,0.29524,0.111990005,0.214,0.36,,,1055455969280.0,774637027328.0,,1.85,STOCK_C_25_35_45_60,13.0,0.18134877291163218,0.7692307692307693,0.3487311605829187,0.6153846153846154,-0.185750096856523,STRONG_RESEARCH_CANDIDATE,10.0,0.6,0.6,0.0036480649141816036,-0.07211495752767129,28.32672692775036
V,2016-07-18,2026-07-15,9.990417522245037,True,3.866099377375611,0.17161253501418106,0.24428854011343962,-0.36364924155103184,-0.04115827985666021,0.6903160136770958,0.9090778149051338,WATCHLIST_1,675385311232.0,31.043709,23.89049,19.050531,1.53,22.554,0.97778,0.67346,0.51679003,0.60349,0.171,0.355,20839749632.0,22755999744.0,13912999936.0,23975999488.0,67.233,0.75,STOCK_C_25_35_45_60,3.0,0.2685262936343616,0.6666666666666666,0.3640236459027873,1.0,-0.06302092164507211,WATCH_SAMPLE_LOW,10.0,0.5,0.4,0.025158830638717867,-0.050604191803135024,27.731791383412947
NOW,2016-07-18,2026-07-15,9.990417522245037,True,6.498926416437888,0.22344326979563567,0.4095869081903393,-0.6454173439572124,-0.5525850270160052,0.6497359136983476,0.9029014808937417,WATCHLIST_1,108008890368.0,62.33929,20.852665,9.209462,1.05,36.447,0.76562,0.13342,0.12586,0.1607,0.221,0.023,5108125184.0,5437000192.0,5182000128.0,2431000064.0,20.728,,STOCK_B_20_30_40_55,20.0,0.31065507653702173,0.7,0.45252779958206346,0.7,-0.1632065805317614,STRONG_RESEARCH_CANDIDATE,10.0,0.6,0.6,0.158547673398112,0.08278465095625911,27.448100431544386
WDC,2016-07-18,2026-07-15,9.990417522245037,True,13.855485547451888,0.3100898701887451,0.4945592003599674,-0.7049293695592058,-0.311418677479701,0.7558626969182167,1.0519594834825348,WATCHLIST_2,177111482368.0,33.672348,27.704634,24.568014,0.52,44.704,0.45428002,0.37008998,0.55286,0.85920995,0.455,4.829,2075000064.0,3286000128.0,3236999936.0,1724000000.0,17.81,0.11,STOCK_C_25_35_45_60,26.0,0.25795450284488536,0.5,1.0065570255269731,0.6923076923076923,-0.25594758723284267,WATCH,10.0,0.4,0.4,0.4050182020798706,0.32925517963801776,26.65854245589127
AMZN,2016-07-18,2026-07-15,9.990417522245037,True,5.927601964257821,0.21377704154201926,0.32597875713949176,-0.5614526325328263,-0.07283895498682036,0.6974026242201943,0.9917772811701816,WATCHLIST_2,2742632841216.0,29.577728,25.763634,6.2044635,1.41,18.19,0.50604,0.1314,0.12224,0.24285,0.166,0.748,9806624768.0,148531003392.0,143088992256.0,235540004864.0,53.3,,STOCK_B_20_30_40_55,15.0,0.22456538441740898,0.6666666666666666,0.2850392620095651,0.8,-0.11855752532345441,STRONG_RESEARCH_CANDIDATE,10.0,0.5,0.5,0.12007141583862309,0.04430839339677019,23.779234398906084
KO,2016-07-18,2026-07-15,9.990417522245037,True,1.4689839613731417,0.09468577824664148,0.183030964599132,-0.36987511522760197,-0.021365021385849392,0.47829633320888404,0.6097075537291999,WATCHLIST_2,354739650560.0,26.09177,23.686674,10.548874,4.28,23.193,0.61744,0.35055,0.278,0.43372002,0.121,0.182,3124250112.0,14631000064.0,13820000256.0,44646998016.0,124.943,2.55,STOCK_C_25_35_45_60,2.0,0.284635529615212,1.0,0.3161198644427332,1.0,-0.060700397082105284,WATCH_SAMPLE_LOW,10.0,0.3,0.3,-0.05153958930824383,-0.12730261175009672,22.4494084544466
NOC,2016-07-18,2026-07-15,9.990417522245037,True,1.7922895696260612,0.10825275722696981,0.25611009462032663,-0.3638408947885863,-0.3131278784288314,0.45251901911353365,0.5930449425298409,WATCHLIST_2,74598817792.0,16.584148,17.410704,4.358672,4.02,12.328,0.20517999,0.11689,0.108009994,0.28511998,0.044,0.849,2071624960.0,4665999872.0,2090000000.0,17574000640.0,102.682,1.78,STOCK_C_25_35_45_60,6.0,0.23697935280860133,0.6666666666666666,0.3529738435687417,0.6666666666666666,-0.05668841455345719,STRONG_RESEARCH_CANDIDATE,10.0,0.5,0.5,-0.03172202545804577,-0.10748504789989866,22.160659997910834
TMUS,2016-07-18,2026-07-15,9.990417522245037,True,3.421792059296398,0.16043750117792976,0.2615302141206258,-0.3713250260767057,-0.2967745868819558,0.6246449183201762,0.8729901187956316,WATCHLIST_1,203043241984.0,19.875,13.124363,3.6459386,0.74,9.493,0.63281,0.2401,0.116459996,0.18024999,0.106,-0.12,11147374592.0,28324999168.0,3520000000.0,122134003712.0,218.569,2.18,STOCK_B_20_30_40_55,13.0,0.14789062642470038,0.6153846153846154,0.3964820758102681,0.6153846153846154,-0.18871717430268048,STRONG_RESEARCH_CANDIDATE,10.0,0.4,0.4,-0.0032559522538827324,-0.07901897469573563,20.080862672293616
NFLX,2016-07-18,2026-07-15,9.990417522245037,True,6.456735507329954,0.22275251809950003,0.4153468696733602,-0.759473182516135,-0.4497920038030465,0.6491701878408952,0.860164323181681,WATCHLIST_1,310251651072.0,23.691319,19.222841,9.97158,1.44,22.035,0.49029,0.32303002,0.28521,0.48494998,0.162,0.864,25993676800.0,12650278912.0,12288449536.0,16742200320.0,53.788,,STOCK_A_15_25_35_50,34.0,0.10075217588587346,0.5588235294117647,0.20976755137994066,0.5294117647058824,-0.2825019684926059,RESEARCH_CANDIDATE,10.0,0.5,0.5,0.11750509882500311,0.041742076383150216,19.29622832814622
UNH,2016-07-18,2026-07-15,9.990417522245037,True,2.506938792001434,0.13382253985917436,0.3026807130004791,-0.6139086383213774,-0.3022057503599368,0.504609521115951,0.5930708170372198,WATCHLIST_2,380076589056.0,32.04594,19.892883,3.8824468,1.47,20.229,0.18801,0.080469996,0.02678,0.121759996,0.02,0.007,17687500800.0,23153000448.0,31228999680.0,77917003776.0,73.982,2.18,STOCK_B_20_30_40_55,10.0,0.10239484784056127,0.7,0.2896269312162595,0.7,-0.20771752547480204,STRONG_RESEARCH_CANDIDATE,10.0,0.6,0.5,-0.01580514777392341,-0.0915681702157763,18.35854203785886
SOFI,2021-01-04,2026-07-15,5.5249828884325805,False,0.4647541900502532,0.07152612089776,0.7208895721820705,-0.8332040311790085,-0.44520331117153256,0.41320334882460075,0.738081078980952,WATCHLIST_1,22922588160.0,39.711113,22.056011,2.1180515,0.85,,0.83507,0.18283,0.14761,0.06597,0.425,1.012,,-6078953984.0,3564402944.0,1916210944.0,17.724,,STOCK_C_25_35_45_60,12.0,0.3556055515580411,0.3333333333333333,-0.05532330276922886,0.3333333333333333,-0.34450201205324676,WATCH,5.0,0.6,0.6,0.15228573311018193,0.10456784610873952,18.106040370440418
ADBE,2016-07-18,2026-07-15,9.990417522245037,True,1.2963492735067308,0.0867719586376765,0.3455682941977396,-0.7190319086624579,-0.6737800904288909,0.3576267834429937,0.4483879539608224,WATCHLIST_1,89262596096.0,12.622821,8.157257,7.7791247,0.61,9.324,0.89404,0.35327998,0.28689,0.62953997,0.127,0.079,9218374656.0,10481000448.0,5625999872.0,7077000192.0,61.443,,STOCK_B_20_30_40_55,15.0,0.15514552321071762,0.8,0.09207019761360559,0.6,-0.18129023254740576,STRONG_RESEARCH_CANDIDATE,10.0,0.5,0.5,0.006850081158820387,-0.0689129412830325,18.102952770542576
QCOM,2016-07-18,2026-07-15,9.990417522245037,True,3.2245941300397423,0.15515037212133054,0.39585553903897847,-0.4428842104775722,-0.288354094583934,0.5115102063375746,0.718422252814156,WATCHLIST_1,187590918144.0,19.137634,16.116777,6.909698,0.6,14.852,0.54799,0.22059,0.22308001,0.36083,-0.035,1.73,9589624832.0,14284999680.0,9799000064.0,15269999616.0,55.979,2.07,STOCK_C_25_35_45_60,15.0,0.28350673588869496,0.6666666666666666,0.4005000164365985,0.6666666666666666,-0.10264471505299669,STRONG_RESEARCH_CANDIDATE,10.0,0.3,0.2,0.021000912904872514,-0.05476210953698037,17.487827642080077
PBR,2016-07-18,2026-07-15,9.990417522245037,True,6.2923344224581665,0.2200269409967457,0.46509817688469923,-0.7531152845902305,-0.1830467649336459,0.6236038604569415,0.7783244971698678,WATCHLIST_2,115096387584.0,5.7060704,4.341981,1.3227595,4.33,2.164,0.47359002,0.31947002,0.21599,0.25601,0.004,-0.072,82932752384.0,194969993216.0,47600001024.0,371690995712.0,83.269,9.84,STOCK_C_25_35_45_60,23.0,0.12821939526509557,0.7391304347826086,0.14103656237735065,0.5652173913043478,-0.2793890096480931,RESEARCH_CANDIDATE,10.0,0.4,0.4,0.08329766981281903,0.007534647370966141,17.262738942835163
SPOT,2018-04-03,2026-07-15,8.281998631074606,False,2.257365430347327,0.15325527273194584,0.4710168923000283,-0.8051235531270285,-0.3744297079390382,0.49629573862784704,0.7345428569864352,WATCHLIST_1,99803865088.0,32.795944,26.92453,10.941358,1.65,38.425,0.32318002,0.15773,0.15449001,0.37987998,0.082,2.224,707750016.0,3230000128.0,6293000192.0,476000000.0,5.943,,STOCK_C_25_35_45_60,12.0,0.16017274771204895,0.3333333333333333,0.1928705639794419,0.4166666666666667,-0.2500564367055544,WATCH,8.0,0.625,0.5,0.24948693087747623,0.17403435367278733,15.13543586772674
REGN,2016-07-18,2026-07-15,9.990417522245037,True,0.7558787430885459,0.05796890448341041,0.3211273915430759,-0.5969201129476096,-0.44253604478331143,0.2740070752094493,0.4033067285835763,WATCHLIST_1,69660295168.0,16.02629,12.134141,2.1550312,1.15,14.044,0.43885,0.20658001,0.29648,0.14548,0.19,-0.072,3273349888.0,5012700160.0,8753699840.0,2706200064.0,8.612,0.57,STOCK_B_20_30_40_55,27.0,0.23802420614934638,0.6296296296296297,0.6030906151839108,0.7037037037037037,-0.1392978069687045,STRONG_RESEARCH_CANDIDATE,10.0,0.4,0.2,-0.0832688442729878,-0.15903186671484068,14.537129351241711
CVX,2016-07-18,2026-07-15,9.990417522245037,True,1.614515365635664,0.1009793024106993,0.29235685113810617,-0.5577393472097116,-0.13207046037100034,0.40889893014417844,0.5118815144772751,WATCHLIST_2,361674145792.0,31.637632,14.487529,1.954664,0.73,10.681,0.42421,0.07312,0.059270002,0.06638,0.023,-0.445,11776499712.0,31264000000.0,5327000064.0,45427998720.0,23.989,3.92,STOCK_C_25_35_45_60,5.0,0.1351884445140862,0.8,0.48897863601009367,1.0,-0.20300569505761423,STRONG_RESEARCH_CANDIDATE,10.0,0.3,0.3,-0.043257626885822076,-0.11902064932767495,13.294902057940096
ACN,2016-07-18,2026-07-15,9.990417522245037,True,0.4211606752004162,0.03580728032312619,0.2772889791134464,-0.6817366937220359,-0.6453487940408045,0.19456874923677522,0.24435359804946558,WATCHLIST_1,83848306688.0,10.755102,9.339819,2.628883,0.98,6.465,0.32013,0.16964,0.10656,0.24406,0.056,0.09,12089380864.0,13182094336.0,10171567104.0,8388769792.0,25.035,4.85,STOCK_A_15_25_35_50,17.0,0.13032172811670817,0.7058823529411765,0.1782228027763902,0.5882352941176471,-0.14132032314810034,STRONG_RESEARCH_CANDIDATE,10.0,0.5,0.3,-0.062094892975100756,-0.13785791541695364,11.734773856641267
XOM,2016-07-18,2026-07-15,9.990417522245037,True,1.3523247371144427,0.08939495659259888,0.2829046860249037,-0.6122015547323498,-0.15150839952845885,0.3743361342077694,0.522930726836631,WATCHLIST_2,598986326016.0,24.451777,13.533242,2.354695,1.15,11.513,0.29768,0.06355,0.077649996,0.09873,0.026,-0.434,11630499840.0,47722000384.0,8434999808.0,47660998656.0,18.261,2.84,STOCK_B_20_30_40_55,9.0,0.031261389902012104,0.4444444444444444,0.27508019084991187,0.7777777777777778,-0.15904424776501896,WATCH,10.0,0.3,0.3,-0.017514595502668706,-0.0932776179445216,7.110715424730339
OXY,2016-07-18,2026-07-15,9.990417522245037,True,-0.07535557739261178,-0.007811447850790021,0.4887308027048709,-0.8838876679535936,-0.24764255177237493,0.19945572513922202,0.2545404737407153,WATCHLIST_2,53481508864.0,72.66216,13.894631,1.7391727,1.11,6.945,0.69757,0.17725,0.22421,0.04053,-0.083,3.156,3033374976.0,9665000448.0,3811000064.0,16611000320.0,41.989,1.91,STOCK_B_20_30_40_55,22.0,0.14924850164662473,0.6818181818181818,0.3130847178174296,0.7272727272727273,-0.1785685070510524,STRONG_RESEARCH_CANDIDATE,10.0,0.3,0.3,-0.06291541561702607,-0.13867843805887897,3.9306636487996336
SPCX,2026-06-12,2026-07-15,0.09034907597535935,False,-0.15955261362346806,-0.8539610064551472,1.166501822765858,-0.3600926975588753,-0.3600926975588753,-1.2494143484546867,-1.9975942765146217,ACTIVE_10,1782072344576.0,,149.7874,22.711554,,202.086,0.48826,-0.41627997,-0.44998002,,0.154,,,7104999936.0,23675000832.0,30602999808.0,73.597,,,,,,,,,,,,,,,-37.207885829313284
