ticker,industry,pattern,signal_date,rule,cost,slippage,entry_date,entry_price,exit_date,exit_price,hold_days,exit_reason,gross_return,net_return
INTC,政策/AI觀察,弱量續攻,2024-06-24,base_60d,0.20%,0.20%,2024-06-25,30.567492591087692,2024-06-26,30.347488403320312,1,close_below_ma25,-0.72%,-0.92%
INTC,政策/AI觀察,弱量續攻,2024-06-24,risk_30d,0.20%,0.20%,2024-06-25,30.567492591087692,2024-08-02,21.3445987701416,27,risk_stop,-30.17%,-30.37%
INTC,政策/AI觀察,弱量續攻,2024-06-24,trend_60d,0.20%,0.20%,2024-06-25,30.567492591087692,2024-06-26,30.347488403320312,1,close_below_ma25,-0.72%,-0.92%
INTC,政策/AI觀察,弱量續攻,2024-07-02,base_60d,0.20%,0.20%,2024-07-03,30.98568062533003,2024-07-05,31.818159103393555,1,volume_weak,2.69%,2.49%
INTC,政策/AI觀察,弱量續攻,2024-07-02,risk_30d,0.20%,0.20%,2024-07-03,30.98568062533003,2024-08-02,21.3445987701416,21,risk_stop,-31.11%,-31.31%
INTC,政策/AI觀察,弱量續攻,2024-07-02,trend_60d,0.20%,0.20%,2024-07-03,30.98568062533003,2024-07-24,31.50017547607422,14,close_below_ma25,1.66%,1.46%
INTC,政策/AI觀察,弱量續攻,2024-07-03,base_60d,0.20%,0.20%,2024-07-05,31.26447063599538,2024-07-08,33.77574157714844,1,volume_weak,8.03%,7.83%
INTC,政策/AI觀察,弱量續攻,2024-07-03,risk_30d,0.20%,0.20%,2024-07-05,31.26447063599538,2024-08-02,21.3445987701416,20,risk_stop,-31.73%,-31.93%
INTC,政策/AI觀察,弱量續攻,2024-07-03,trend_60d,0.20%,0.20%,2024-07-05,31.26447063599538,2024-07-24,31.50017547607422,13,close_below_ma25,0.75%,0.55%
INTC,政策/AI觀察,弱量續攻,2024-07-05,base_60d,0.20%,0.20%,2024-07-08,32.88743375312504,2024-07-24,31.50017547607422,12,close_below_ma25,-4.22%,-4.42%
INTC,政策/AI觀察,弱量續攻,2024-07-05,risk_30d,0.20%,0.20%,2024-07-08,32.88743375312504,2024-07-30,29.94007110595703,16,risk_stop,-8.96%,-9.16%
INTC,政策/AI觀察,弱量續攻,2024-07-05,trend_60d,0.20%,0.20%,2024-07-08,32.88743375312504,2024-07-24,31.50017547607422,12,close_below_ma25,-4.22%,-4.42%
INTC,政策/AI觀察,弱量續攻,2024-07-08,base_60d,0.20%,0.20%,2024-07-09,34.86884795360125,2024-07-24,31.50017547607422,11,close_below_ma25,-9.66%,-9.86%
INTC,政策/AI觀察,弱量續攻,2024-07-08,risk_30d,0.20%,0.20%,2024-07-09,34.86884795360125,2024-07-24,31.50017547607422,11,risk_stop,-9.66%,-9.86%
INTC,政策/AI觀察,弱量續攻,2024-07-08,trend_60d,0.20%,0.20%,2024-07-09,34.86884795360125,2024-07-24,31.50017547607422,11,close_below_ma25,-9.66%,-9.86%
INTC,政策/AI觀察,沖量,2024-07-09,base_60d,0.20%,0.20%,2024-07-10,34.291348312303555,2024-07-24,31.50017547607422,10,close_below_ma25,-8.14%,-8.34%
INTC,政策/AI觀察,沖量,2024-07-09,risk_30d,0.20%,0.20%,2024-07-10,34.291348312303555,2024-07-24,31.50017547607422,10,risk_stop,-8.14%,-8.34%
INTC,政策/AI觀察,沖量,2024-07-09,trend_60d,0.20%,0.20%,2024-07-10,34.291348312303555,2024-07-24,31.50017547607422,10,close_below_ma25,-8.14%,-8.34%
INTC,政策/AI觀察,波段,2024-07-19,base_60d,0.20%,0.20%,2024-07-22,33.13635649683092,2024-07-24,31.50017547607422,2,close_below_ma25,-4.94%,-5.14%
INTC,政策/AI觀察,波段,2024-07-19,risk_30d,0.20%,0.20%,2024-07-22,33.13635649683092,2024-07-30,29.94007110595703,6,risk_stop,-9.65%,-9.85%
INTC,政策/AI觀察,波段,2024-07-19,trend_60d,0.20%,0.20%,2024-07-22,33.13635649683092,2024-07-24,31.50017547607422,2,close_below_ma25,-4.94%,-5.14%
INTC,政策/AI觀察,波段,2024-07-22,base_60d,0.20%,0.20%,2024-07-23,32.81773788947938,2024-07-24,31.50017547607422,1,close_below_ma25,-4.01%,-4.21%
INTC,政策/AI觀察,波段,2024-07-22,risk_30d,0.20%,0.20%,2024-07-23,32.81773788947938,2024-07-30,29.94007110595703,5,risk_stop,-8.77%,-8.97%
INTC,政策/AI觀察,波段,2024-07-22,trend_60d,0.20%,0.20%,2024-07-23,32.81773788947938,2024-07-24,31.50017547607422,1,close_below_ma25,-4.01%,-4.21%
INTC,政策/AI觀察,波段,2024-07-23,base_60d,0.20%,0.20%,2024-07-24,32.38959136948275,2024-07-25,30.90395736694336,1,close_below_ma25,-4.59%,-4.79%
INTC,政策/AI觀察,波段,2024-07-23,risk_30d,0.20%,0.20%,2024-07-24,32.38959136948275,2024-08-01,28.866878509521484,6,risk_stop,-10.88%,-11.08%
INTC,政策/AI觀察,波段,2024-07-23,trend_60d,0.20%,0.20%,2024-07-24,32.38959136948275,2024-07-25,30.90395736694336,1,close_below_ma25,-4.59%,-4.79%
INTC,政策/AI觀察,波段,2024-07-24,base_60d,0.20%,0.20%,2024-07-25,31.234600352368656,2024-07-26,31.152381896972656,1,close_below_ma25,-0.26%,-0.46%
INTC,政策/AI觀察,波段,2024-07-24,risk_30d,0.20%,0.20%,2024-07-25,31.234600352368656,2024-08-02,21.3445987701416,6,risk_stop,-31.66%,-31.86%
INTC,政策/AI觀察,波段,2024-07-24,trend_60d,0.20%,0.20%,2024-07-25,31.234600352368656,2024-07-26,31.152381896972656,1,close_below_ma25,-0.26%,-0.46%
INTC,政策/AI觀察,波段,2024-07-25,base_60d,0.20%,0.20%,2024-07-26,31.294341286635305,2024-07-29,30.63566017150879,1,close_below_ma25,-2.10%,-2.30%
INTC,政策/AI觀察,波段,2024-07-25,risk_30d,0.20%,0.20%,2024-07-26,31.294341286635305,2024-08-02,21.3445987701416,5,risk_stop,-31.79%,-31.99%
INTC,政策/AI觀察,波段,2024-07-25,trend_60d,0.20%,0.20%,2024-07-26,31.294341286635305,2024-07-29,30.63566017150879,1,close_below_ma25,-2.10%,-2.30%
INTC,政策/AI觀察,沖量,2024-09-16,base_60d,0.20%,0.20%,2024-09-17,21.753419082641603,2024-10-02,22.389999389648438,11,volume_weak,2.93%,2.73%
INTC,政策/AI觀察,沖量,2024-09-16,risk_30d,0.20%,0.20%,2024-09-17,21.753419082641603,2024-10-29,22.899999618530273,30,max_30d,5.27%,5.07%
INTC,政策/AI觀察,沖量,2024-09-16,trend_60d,0.20%,0.20%,2024-09-17,21.753419082641603,2024-10-16,22.309999465942383,21,close_below_ma25,2.56%,2.36%
INTC,政策/AI觀察,波段,2024-09-17,base_60d,0.20%,0.20%,2024-09-18,21.402720611572267,2024-10-02,22.389999389648438,10,volume_weak,4.61%,4.41%
INTC,政策/AI觀察,波段,2024-09-17,risk_30d,0.20%,0.20%,2024-09-18,21.402720611572267,2024-10-30,22.299999237060547,30,max_30d,4.19%,3.99%
INTC,政策/AI觀察,波段,2024-09-17,trend_60d,0.20%,0.20%,2024-09-18,21.402720611572267,2024-10-16,22.309999465942383,20,close_below_ma25,4.24%,4.04%
INTC,政策/AI觀察,波段,2024-09-18,base_60d,0.20%,0.20%,2024-09-19,21.3225606880188,2024-10-02,22.389999389648438,9,volume_weak,5.01%,4.81%
INTC,政策/AI觀察,波段,2024-09-18,risk_30d,0.20%,0.20%,2024-09-19,21.3225606880188,2024-10-31,21.520000457763672,30,max_30d,0.93%,0.73%
INTC,政策/AI觀察,波段,2024-09-18,trend_60d,0.20%,0.20%,2024-09-19,21.3225606880188,2024-10-16,22.309999465942383,19,close_below_ma25,4.63%,4.43%
INTC,政策/AI觀察,波段,2024-09-19,base_60d,0.20%,0.20%,2024-09-20,20.931779388427735,2024-10-02,22.389999389648438,8,volume_weak,6.97%,6.77%
INTC,政策/AI觀察,波段,2024-09-19,risk_30d,0.20%,0.20%,2024-09-20,20.931779388427735,2024-11-01,23.200000762939453,30,max_30d,10.84%,10.64%
INTC,政策/AI觀察,波段,2024-09-19,trend_60d,0.20%,0.20%,2024-09-20,20.931779388427735,2024-10-16,22.309999465942383,18,close_below_ma25,6.58%,6.38%
INTC,政策/AI觀察,波段,2024-09-20,base_60d,0.20%,0.20%,2024-09-23,22.474860305786134,2024-10-02,22.389999389648438,7,volume_weak,-0.38%,-0.58%
INTC,政策/AI觀察,波段,2024-09-20,risk_30d,0.20%,0.20%,2024-09-23,22.474860305786134,2024-11-04,22.520000457763672,30,max_30d,0.20%,0.00%
INTC,政策/AI觀察,波段,2024-09-20,trend_60d,0.20%,0.20%,2024-09-23,22.474860305786134,2024-10-16,22.309999465942383,17,close_below_ma25,-0.73%,-0.93%
INTC,政策/AI觀察,波段,2024-10-01,base_60d,0.20%,0.20%,2024-10-02,22.715340076446534,2024-10-03,22.260000228881836,1,volume_weak,-2.00%,-2.20%
INTC,政策/AI觀察,波段,2024-10-01,risk_30d,0.20%,0.20%,2024-10-02,22.715340076446534,2024-11-07,26.229999542236328,26,target_reached,15.47%,15.27%
INTC,政策/AI觀察,波段,2024-10-01,trend_60d,0.20%,0.20%,2024-10-02,22.715340076446534,2024-10-16,22.309999465942383,10,close_below_ma25,-1.78%,-1.98%
INTC,政策/AI觀察,弱量續攻,2024-10-08,base_60d,0.20%,0.20%,2024-10-09,23.2965,2024-10-10,23.219999313354492,1,volume_weak,-0.33%,-0.53%
INTC,政策/AI觀察,弱量續攻,2024-10-08,risk_30d,0.20%,0.20%,2024-10-09,23.2965,2024-11-20,24.010000228881836,30,max_30d,3.06%,2.86%
INTC,政策/AI觀察,弱量續攻,2024-10-08,trend_60d,0.20%,0.20%,2024-10-09,23.2965,2024-10-16,22.309999465942383,5,close_below_ma25,-4.23%,-4.43%
INTC,政策/AI觀察,弱量續攻,2024-10-09,base_60d,0.20%,0.20%,2024-10-10,23.236380535125733,2024-10-11,23.559999465942383,1,volume_weak,1.39%,1.19%
INTC,政策/AI觀察,弱量續攻,2024-10-09,risk_30d,0.20%,0.20%,2024-10-10,23.236380535125733,2024-11-21,24.440000534057617,30,max_30d,5.18%,4.98%
INTC,政策/AI觀察,弱量續攻,2024-10-09,trend_60d,0.20%,0.20%,2024-10-10,23.236380535125733,2024-10-16,22.309999465942383,4,close_below_ma25,-3.99%,-4.19%
INTC,政策/AI觀察,弱量續攻,2024-10-10,base_60d,0.20%,0.20%,2024-10-11,23.09609923553467,2024-10-14,23.440000534057617,1,volume_weak,1.49%,1.29%
INTC,政策/AI觀察,弱量續攻,2024-10-10,risk_30d,0.20%,0.20%,2024-10-11,23.09609923553467,2024-11-22,24.5,30,max_30d,6.08%,5.88%
INTC,政策/AI觀察,弱量續攻,2024-10-10,trend_60d,0.20%,0.20%,2024-10-11,23.09609923553467,2024-10-16,22.309999465942383,3,close_below_ma25,-3.40%,-3.60%
INTC,政策/AI觀察,弱量續攻,2024-10-11,base_60d,0.20%,0.20%,2024-10-14,23.627159923553467,2024-10-15,22.65999984741211,1,volume_weak,-4.09%,-4.29%
INTC,政策/AI觀察,弱量續攻,2024-10-11,risk_30d,0.20%,0.20%,2024-10-14,23.627159923553467,2024-10-31,21.520000457763672,13,risk_stop,-8.92%,-9.12%
INTC,政策/AI觀察,弱量續攻,2024-10-11,trend_60d,0.20%,0.20%,2024-10-14,23.627159923553467,2024-10-16,22.309999465942383,2,close_below_ma25,-5.57%,-5.77%
INTC,政策/AI觀察,弱量續攻,2024-10-14,base_60d,0.20%,0.20%,2024-10-15,23.456819847106935,2024-10-16,22.309999465942383,1,close_below_ma25,-4.89%,-5.09%
INTC,政策/AI觀察,弱量續攻,2024-10-14,risk_30d,0.20%,0.20%,2024-10-15,23.456819847106935,2024-10-31,21.520000457763672,12,risk_stop,-8.26%,-8.46%
INTC,政策/AI觀察,弱量續攻,2024-10-14,trend_60d,0.20%,0.20%,2024-10-15,23.456819847106935,2024-10-16,22.309999465942383,1,close_below_ma25,-4.89%,-5.09%
INTC,政策/AI觀察,弱量續攻,2024-10-18,base_60d,0.20%,0.20%,2024-10-21,22.655220611572265,2024-10-22,22.399999618530273,1,close_below_ma25,-1.13%,-1.33%
INTC,政策/AI觀察,弱量續攻,2024-10-18,risk_30d,0.20%,0.20%,2024-10-21,22.655220611572265,2024-11-07,26.229999542236328,13,target_reached,15.78%,15.58%
INTC,政策/AI觀察,弱量續攻,2024-10-18,trend_60d,0.20%,0.20%,2024-10-21,22.655220611572265,2024-10-22,22.399999618530273,1,close_below_ma25,-1.13%,-1.33%
INTC,政策/AI觀察,弱量續攻,2024-10-21,base_60d,0.20%,0.20%,2024-10-22,22.7754595413208,2024-10-23,21.979999542236328,1,close_below_ma25,-3.49%,-3.69%
INTC,政策/AI觀察,弱量續攻,2024-10-21,risk_30d,0.20%,0.20%,2024-10-22,22.7754595413208,2024-11-07,26.229999542236328,12,target_reached,15.17%,14.97%
INTC,政策/AI觀察,弱量續攻,2024-10-21,trend_60d,0.20%,0.20%,2024-10-22,22.7754595413208,2024-10-23,21.979999542236328,1,close_below_ma25,-3.49%,-3.69%
INTC,政策/AI觀察,弱量續攻,2024-10-25,base_60d,0.20%,0.20%,2024-10-28,22.715340076446534,2024-10-29,22.899999618530273,1,volume_weak,0.81%,0.61%
INTC,政策/AI觀察,弱量續攻,2024-10-25,risk_30d,0.20%,0.20%,2024-10-28,22.715340076446534,2024-11-07,26.229999542236328,8,target_reached,15.47%,15.27%
INTC,政策/AI觀察,弱量續攻,2024-10-25,trend_60d,0.20%,0.20%,2024-10-28,22.715340076446534,2024-10-30,22.299999237060547,2,close_below_ma25,-1.83%,-2.03%
INTC,政策/AI觀察,弱量續攻,2024-10-28,base_60d,0.20%,0.20%,2024-10-29,22.915740840911866,2024-10-30,22.299999237060547,1,close_below_ma25,-2.69%,-2.89%
INTC,政策/AI觀察,弱量續攻,2024-10-28,risk_30d,0.20%,0.20%,2024-10-29,22.915740840911866,2024-12-05,20.799999237060547,26,risk_stop,-9.23%,-9.43%
INTC,政策/AI觀察,弱量續攻,2024-10-28,trend_60d,0.20%,0.20%,2024-10-29,22.915740840911866,2024-10-30,22.299999237060547,1,close_below_ma25,-2.69%,-2.89%
INTC,政策/AI觀察,弱量續攻,2024-10-29,base_60d,0.20%,0.20%,2024-10-30,22.46484007644653,2024-10-31,21.520000457763672,1,close_below_ma25,-4.21%,-4.41%
INTC,政策/AI觀察,弱量續攻,2024-10-29,risk_30d,0.20%,0.20%,2024-10-30,22.46484007644653,2024-11-07,26.229999542236328,6,target_reached,16.76%,16.56%
INTC,政策/AI觀察,弱量續攻,2024-10-29,trend_60d,0.20%,0.20%,2024-10-30,22.46484007644653,2024-10-31,21.520000457763672,1,close_below_ma25,-4.21%,-4.41%
INTC,政策/AI觀察,弱量續攻,2024-10-30,base_60d,0.20%,0.20%,2024-10-31,22.194299617767335,2024-11-04,22.520000457763672,2,close_below_ma25,1.47%,1.27%
INTC,政策/AI觀察,弱量續攻,2024-10-30,risk_30d,0.20%,0.20%,2024-10-31,22.194299617767335,2024-11-07,26.229999542236328,5,target_reached,18.18%,17.98%
INTC,政策/AI觀察,弱量續攻,2024-10-30,trend_60d,0.20%,0.20%,2024-10-31,22.194299617767335,2024-11-04,22.520000457763672,2,close_below_ma25,1.47%,1.27%
INTC,政策/AI觀察,波段,2024-11-12,base_60d,0.20%,0.20%,2024-11-13,24.108119464874267,2024-11-14,25.030000686645508,1,volume_weak,3.82%,3.62%
INTC,政策/AI觀察,波段,2024-11-12,risk_30d,0.20%,0.20%,2024-11-13,24.108119464874267,2024-12-04,21.959999084472656,14,risk_stop,-8.91%,-9.11%
INTC,政策/AI觀察,波段,2024-11-12,trend_60d,0.20%,0.20%,2024-11-13,24.108119464874267,2024-11-27,23.649999618530273,10,close_below_ma25,-1.90%,-2.10%
INTC,政策/AI觀察,弱量續攻,2024-11-15,base_60d,0.20%,0.20%,2024-11-18,24.378659923553467,2024-11-19,24.200000762939453,1,volume_weak,-0.73%,-0.93%
INTC,政策/AI觀察,弱量續攻,2024-11-15,risk_30d,0.20%,0.20%,2024-11-18,24.378659923553467,2024-12-04,21.959999084472656,11,risk_stop,-9.92%,-10.12%
INTC,政策/AI觀察,弱量續攻,2024-11-15,trend_60d,0.20%,0.20%,2024-11-18,24.378659923553467,2024-11-27,23.649999618530273,7,close_below_ma25,-2.99%,-3.19%
INTC,政策/AI觀察,弱量續攻,2024-11-19,base_60d,0.20%,0.20%,2024-11-20,24.118139694213866,2024-11-21,24.440000534057617,1,volume_weak,1.33%,1.13%
INTC,政策/AI觀察,弱量續攻,2024-11-19,risk_30d,0.20%,0.20%,2024-11-20,24.118139694213866,2024-12-04,21.959999084472656,9,risk_stop,-8.95%,-9.15%
INTC,政策/AI觀察,弱量續攻,2024-11-19,trend_60d,0.20%,0.20%,2024-11-20,24.118139694213866,2024-11-27,23.649999618530273,5,close_below_ma25,-1.94%,-2.14%
INTC,政策/AI觀察,弱量續攻,2024-11-22,base_60d,0.20%,0.20%,2024-11-25,25.0900809173584,2024-11-26,24.049999237060547,1,volume_weak,-4.15%,-4.35%
INTC,政策/AI觀察,弱量續攻,2024-11-22,risk_30d,0.20%,0.20%,2024-11-25,25.0900809173584,2024-12-03,22.469999313354492,5,risk_stop,-10.44%,-10.64%
INTC,政策/AI觀察,弱量續攻,2024-11-22,trend_60d,0.20%,0.20%,2024-11-25,25.0900809173584,2024-11-27,23.649999618530273,2,close_below_ma25,-5.74%,-5.94%
INTC,政策/AI觀察,弱量續攻,2024-11-25,base_60d,0.20%,0.20%,2024-11-26,24.99990076446533,2024-11-27,23.649999618530273,1,close_below_ma25,-5.40%,-5.60%
INTC,政策/AI觀察,弱量續攻,2024-11-25,risk_30d,0.20%,0.20%,2024-11-26,24.99990076446533,2024-12-03,22.469999313354492,4,risk_stop,-10.12%,-10.32%
INTC,政策/AI觀察,弱量續攻,2024-11-25,trend_60d,0.20%,0.20%,2024-11-26,24.99990076446533,2024-11-27,23.649999618530273,1,close_below_ma25,-5.40%,-5.60%
INTC,政策/AI觀察,波段,2024-12-02,base_60d,0.20%,0.20%,2024-12-03,23.72736030578613,2024-12-04,21.959999084472656,1,close_below_ma25,-7.45%,-7.65%
INTC,政策/AI觀察,波段,2024-12-02,risk_30d,0.20%,0.20%,2024-12-03,23.72736030578613,2024-12-05,20.799999237060547,2,risk_stop,-12.34%,-12.54%
INTC,政策/AI觀察,波段,2024-12-02,trend_60d,0.20%,0.20%,2024-12-03,23.72736030578613,2024-12-04,21.959999084472656,1,close_below_ma25,-7.45%,-7.65%
INTC,政策/AI觀察,波段,2025-01-24,base_60d,0.20%,0.20%,2025-01-27,20.85161946487427,2025-01-28,19.799999237060547,1,close_below_ma25,-5.04%,-5.24%
INTC,政策/AI觀察,波段,2025-01-24,risk_30d,0.20%,0.20%,2025-01-27,20.85161946487427,2025-02-07,19.100000381469727,9,risk_stop,-8.40%,-8.60%
INTC,政策/AI觀察,波段,2025-01-24,trend_60d,0.20%,0.20%,2025-01-27,20.85161946487427,2025-01-28,19.799999237060547,1,close_below_ma25,-5.04%,-5.24%
INTC,政策/AI觀察,波段,2025-01-30,base_60d,0.20%,0.20%,2025-01-31,20.140200382232667,2025-02-03,19.3799991607666,1,close_below_ma25,-3.77%,-3.97%
INTC,政策/AI觀察,波段,2025-01-30,risk_30d,0.20%,0.20%,2025-01-31,20.140200382232667,2025-02-13,24.1299991607666,9,target_reached,19.81%,19.61%
INTC,政策/AI觀察,波段,2025-01-30,trend_60d,0.20%,0.20%,2025-01-31,20.140200382232667,2025-02-03,19.3799991607666,1,close_below_ma25,-3.77%,-3.97%
INTC,政策/AI觀察,波段,2025-01-31,base_60d,0.20%,0.20%,2025-02-03,19.0079393119812,2025-02-04,19.290000915527344,1,close_below_ma25,1.48%,1.28%
INTC,政策/AI觀察,波段,2025-01-31,risk_30d,0.20%,0.20%,2025-02-03,19.0079393119812,2025-02-12,22.479999542236328,7,target_reached,18.27%,18.07%
INTC,政策/AI觀察,波段,2025-01-31,trend_60d,0.20%,0.20%,2025-02-03,19.0079393119812,2025-02-04,19.290000915527344,1,close_below_ma25,1.48%,1.28%
INTC,政策/AI觀察,波段,2025-02-03,base_60d,0.20%,0.20%,2025-02-04,19.138200382232665,2025-02-05,19.649999618530273,1,close_below_ma25,2.67%,2.47%
INTC,政策/AI觀察,波段,2025-02-03,risk_30d,0.20%,0.20%,2025-02-04,19.138200382232665,2025-02-12,22.479999542236328,6,target_reached,17.46%,17.26%
INTC,政策/AI觀察,波段,2025-02-03,trend_60d,0.20%,0.20%,2025-02-04,19.138200382232665,2025-02-05,19.649999618530273,1,close_below_ma25,2.67%,2.47%
INTC,政策/AI觀察,波段,2025-02-25,base_60d,0.20%,0.20%,2025-02-26,23.2965,2025-02-28,23.729999542236328,2,volume_weak,1.86%,1.66%
INTC,政策/AI觀察,波段,2025-02-25,risk_30d,0.20%,0.20%,2025-02-26,23.2965,2025-03-04,21.329999923706055,4,risk_stop,-8.44%,-8.64%
INTC,政策/AI觀察,波段,2025-02-25,trend_60d,0.20%,0.20%,2025-02-26,23.2965,2025-03-04,21.329999923706055,4,close_below_ma25,-8.44%,-8.64%
INTC,政策/AI觀察,波段,2025-02-26,base_60d,0.20%,0.20%,2025-02-27,23.747400764465333,2025-02-28,23.729999542236328,1,volume_weak,-0.07%,-0.27%
INTC,政策/AI觀察,波段,2025-02-26,risk_30d,0.20%,0.20%,2025-02-27,23.747400764465333,2025-03-04,21.329999923706055,3,risk_stop,-10.18%,-10.38%
INTC,政策/AI觀察,波段,2025-02-26,trend_60d,0.20%,0.20%,2025-02-27,23.747400764465333,2025-03-04,21.329999923706055,3,close_below_ma25,-10.18%,-10.38%
INTC,政策/AI觀察,波段,2025-02-27,base_60d,0.20%,0.20%,2025-02-28,23.0660404586792,2025-03-04,21.329999923706055,2,close_below_ma25,-7.53%,-7.73%
INTC,政策/AI觀察,波段,2025-02-27,risk_30d,0.20%,0.20%,2025-02-28,23.0660404586792,2025-03-05,20.809999465942383,3,risk_stop,-9.78%,-9.98%
INTC,政策/AI觀察,波段,2025-02-27,trend_60d,0.20%,0.20%,2025-02-28,23.0660404586792,2025-03-04,21.329999923706055,2,close_below_ma25,-7.53%,-7.73%
INTC,政策/AI觀察,弱量續攻,2025-02-28,base_60d,0.20%,0.20%,2025-03-03,25.05,2025-03-04,21.329999923706055,1,close_below_ma25,-14.85%,-15.05%
INTC,政策/AI觀察,弱量續攻,2025-02-28,risk_30d,0.20%,0.20%,2025-03-03,25.05,2025-03-04,21.329999923706055,1,risk_stop,-14.85%,-15.05%
INTC,政策/AI觀察,弱量續攻,2025-02-28,trend_60d,0.20%,0.20%,2025-03-03,25.05,2025-03-04,21.329999923706055,1,close_below_ma25,-14.85%,-15.05%
INTC,政策/AI觀察,沖量,2025-03-03,base_60d,0.20%,0.20%,2025-03-04,22.585080917358397,2025-03-05,20.809999465942383,1,close_below_ma25,-7.86%,-8.06%
INTC,政策/AI觀察,沖量,2025-03-03,risk_30d,0.20%,0.20%,2025-03-04,22.585080917358397,2025-03-06,20.75,2,risk_stop,-8.13%,-8.33%
INTC,政策/AI觀察,沖量,2025-03-03,trend_60d,0.20%,0.20%,2025-03-04,22.585080917358397,2025-03-05,20.809999465942383,1,close_below_ma25,-7.86%,-8.06%
INTC,政策/AI觀察,波段,2025-03-04,base_60d,0.20%,0.20%,2025-03-05,21.372659923553467,2025-03-06,20.75,1,close_below_ma25,-2.91%,-3.11%
INTC,政策/AI觀察,波段,2025-03-04,risk_30d,0.20%,0.20%,2025-03-05,21.372659923553467,2025-03-17,25.690000534057617,8,target_reached,20.20%,20.00%
INTC,政策/AI觀察,波段,2025-03-04,trend_60d,0.20%,0.20%,2025-03-05,21.372659923553467,2025-03-06,20.75,1,close_below_ma25,-2.91%,-3.11%
INTC,政策/AI觀察,波段,2025-03-05,base_60d,0.20%,0.20%,2025-03-06,20.3005202293396,2025-03-07,20.639999389648438,1,close_below_ma25,1.67%,1.47%
INTC,政策/AI觀察,波段,2025-03-05,risk_30d,0.20%,0.20%,2025-03-06,20.3005202293396,2025-03-13,23.700000762939453,5,target_reached,16.75%,16.55%
INTC,政策/AI觀察,波段,2025-03-05,trend_60d,0.20%,0.20%,2025-03-06,20.3005202293396,2025-03-07,20.639999389648438,1,close_below_ma25,1.67%,1.47%
INTC,政策/AI觀察,波段,2025-03-06,base_60d,0.20%,0.20%,2025-03-07,20.3105404586792,2025-03-10,19.93000030517578,1,close_below_ma25,-1.87%,-2.07%
INTC,政策/AI觀察,波段,2025-03-06,risk_30d,0.20%,0.20%,2025-03-07,20.3105404586792,2025-03-13,23.700000762939453,4,target_reached,16.69%,16.49%
INTC,政策/AI觀察,波段,2025-03-06,trend_60d,0.20%,0.20%,2025-03-07,20.3105404586792,2025-03-10,19.93000030517578,1,close_below_ma25,-1.87%,-2.07%
INTC,政策/AI觀察,波段,2025-03-07,base_60d,0.20%,0.20%,2025-03-10,20.2804797706604,2025-03-11,19.780000686645508,1,close_below_ma25,-2.47%,-2.67%
INTC,政策/AI觀察,波段,2025-03-07,risk_30d,0.20%,0.20%,2025-03-10,20.2804797706604,2025-03-13,23.700000762939453,3,target_reached,16.86%,16.66%
INTC,政策/AI觀察,波段,2025-03-07,trend_60d,0.20%,0.20%,2025-03-10,20.2804797706604,2025-03-11,19.780000686645508,1,close_below_ma25,-2.47%,-2.67%
INTC,政策/AI觀察,波段,2025-03-12,base_60d,0.20%,0.20%,2025-03-13,23.547,2025-03-25,24.200000762939453,8,volume_weak,2.77%,2.57%
INTC,政策/AI觀察,波段,2025-03-12,risk_30d,0.20%,0.20%,2025-03-13,23.547,2025-04-04,19.850000381469727,16,risk_stop,-15.70%,-15.90%
INTC,政策/AI觀察,波段,2025-03-12,trend_60d,0.20%,0.20%,2025-03-13,23.547,2025-03-28,22.709999084472656,11,close_below_ma25,-3.55%,-3.75%
INTC,政策/AI觀察,波段,2025-03-13,base_60d,0.20%,0.20%,2025-03-14,23.72736030578613,2025-03-25,24.200000762939453,7,volume_weak,1.99%,1.79%
INTC,政策/AI觀察,波段,2025-03-13,risk_30d,0.20%,0.20%,2025-03-14,23.72736030578613,2025-04-04,19.850000381469727,15,risk_stop,-16.34%,-16.54%
INTC,政策/AI觀察,波段,2025-03-13,trend_60d,0.20%,0.20%,2025-03-14,23.72736030578613,2025-03-28,22.709999084472656,10,close_below_ma25,-4.29%,-4.49%
INTC,政策/AI觀察,波段,2025-03-14,base_60d,0.20%,0.20%,2025-03-17,24.468840076446533,2025-03-25,24.200000762939453,6,volume_weak,-1.10%,-1.30%
INTC,政策/AI觀察,波段,2025-03-14,risk_30d,0.20%,0.20%,2025-03-17,24.468840076446533,2025-04-01,22.049999237060547,11,risk_stop,-9.89%,-10.09%
INTC,政策/AI觀察,波段,2025-03-14,trend_60d,0.20%,0.20%,2025-03-17,24.468840076446533,2025-03-28,22.709999084472656,9,close_below_ma25,-7.19%,-7.39%
INTC,政策/AI觀察,波段,2025-03-19,base_60d,0.20%,0.20%,2025-03-20,23.8175404586792,2025-03-25,24.200000762939453,3,volume_weak,1.61%,1.41%
INTC,政策/AI觀察,波段,2025-03-19,risk_30d,0.20%,0.20%,2025-03-20,23.8175404586792,2025-04-04,19.850000381469727,11,risk_stop,-16.66%,-16.86%
INTC,政策/AI觀察,波段,2025-03-19,trend_60d,0.20%,0.20%,2025-03-20,23.8175404586792,2025-03-28,22.709999084472656,6,close_below_ma25,-4.65%,-4.85%
INTC,政策/AI觀察,縮量黑馬,2025-03-20,base_60d,0.20%,0.20%,2025-03-21,23.647200382232665,2025-03-25,24.200000762939453,2,volume_weak,2.34%,2.14%
INTC,政策/AI觀察,縮量黑馬,2025-03-20,risk_30d,0.20%,0.20%,2025-03-21,23.647200382232665,2025-04-04,19.850000381469727,10,risk_stop,-16.06%,-16.26%
INTC,政策/AI觀察,縮量黑馬,2025-03-20,trend_60d,0.20%,0.20%,2025-03-21,23.647200382232665,2025-03-28,22.709999084472656,5,close_below_ma25,-3.96%,-4.16%
INTC,政策/AI觀察,波段,2025-03-21,base_60d,0.20%,0.20%,2025-03-24,24.769439311981202,2025-03-25,24.200000762939453,1,volume_weak,-2.30%,-2.50%
INTC,政策/AI觀察,波段,2025-03-21,risk_30d,0.20%,0.20%,2025-03-24,24.769439311981202,2025-03-28,22.709999084472656,4,risk_stop,-8.31%,-8.51%
INTC,政策/AI觀察,波段,2025-03-21,trend_60d,0.20%,0.20%,2025-03-24,24.769439311981202,2025-03-28,22.709999084472656,4,close_below_ma25,-8.31%,-8.51%
INTC,政策/AI觀察,縮量黑馬,2025-03-24,base_60d,0.20%,0.20%,2025-03-25,24.228360305786133,2025-03-26,23.420000076293945,1,volume_weak,-3.34%,-3.54%
INTC,政策/AI觀察,縮量黑馬,2025-03-24,risk_30d,0.20%,0.20%,2025-03-25,24.228360305786133,2025-04-01,22.049999237060547,5,risk_stop,-8.99%,-9.19%
INTC,政策/AI觀察,縮量黑馬,2025-03-24,trend_60d,0.20%,0.20%,2025-03-25,24.228360305786133,2025-03-28,22.709999084472656,3,close_below_ma25,-6.27%,-6.47%
INTC,政策/AI觀察,弱量續攻,2025-03-25,base_60d,0.20%,0.20%,2025-03-26,24.2985,2025-03-27,23.6200008392334,1,volume_weak,-2.79%,-2.99%
INTC,政策/AI觀察,弱量續攻,2025-03-25,risk_30d,0.20%,0.20%,2025-03-26,24.2985,2025-04-01,22.049999237060547,4,risk_stop,-9.25%,-9.45%
INTC,政策/AI觀察,弱量續攻,2025-03-25,trend_60d,0.20%,0.20%,2025-03-26,24.2985,2025-03-28,22.709999084472656,2,close_below_ma25,-6.54%,-6.74%
INTC,政策/AI觀察,波段,2025-04-15,base_60d,0.20%,0.20%,2025-04-16,19.378680152893068,2025-04-17,18.93000030517578,1,close_below_ma25,-2.32%,-2.52%
INTC,政策/AI觀察,波段,2025-04-15,risk_30d,0.20%,0.20%,2025-04-16,19.378680152893068,2025-05-13,22.559999465942383,18,target_reached,16.42%,16.22%
INTC,政策/AI觀察,波段,2025-04-15,trend_60d,0.20%,0.20%,2025-04-16,19.378680152893068,2025-04-17,18.93000030517578,1,close_below_ma25,-2.32%,-2.52%
INTC,政策/AI觀察,弱量續攻,2025-05-13,base_60d,0.20%,0.20%,2025-05-14,22.394700382232667,2025-05-15,21.549999237060547,1,volume_weak,-3.77%,-3.97%
INTC,政策/AI觀察,弱量續攻,2025-05-13,risk_30d,0.20%,0.20%,2025-05-14,22.394700382232667,2025-05-22,20.549999237060547,6,risk_stop,-8.24%,-8.44%
INTC,政策/AI觀察,弱量續攻,2025-05-13,trend_60d,0.20%,0.20%,2025-05-14,22.394700382232667,2025-05-21,20.690000534057617,5,atr_trail,-7.61%,-7.81%
INTC,政策/AI觀察,弱量續攻,2025-05-14,base_60d,0.20%,0.20%,2025-05-15,21.2724595413208,2025-05-16,21.65999984741211,1,volume_weak,1.82%,1.62%
INTC,政策/AI觀察,弱量續攻,2025-05-14,risk_30d,0.20%,0.20%,2025-05-15,21.2724595413208,2025-05-30,19.549999237060547,10,risk_stop,-8.10%,-8.30%
INTC,政策/AI觀察,弱量續攻,2025-05-14,trend_60d,0.20%,0.20%,2025-05-15,21.2724595413208,2025-05-22,20.549999237060547,5,close_below_ma25,-3.40%,-3.60%
INTC,政策/AI觀察,弱量續攻,2025-05-15,base_60d,0.20%,0.20%,2025-05-16,21.5730606880188,2025-05-19,21.3799991607666,1,volume_weak,-0.89%,-1.09%
INTC,政策/AI觀察,弱量續攻,2025-05-15,risk_30d,0.20%,0.20%,2025-05-16,21.5730606880188,2025-05-30,19.549999237060547,9,risk_stop,-9.38%,-9.58%
INTC,政策/AI觀察,弱量續攻,2025-05-15,trend_60d,0.20%,0.20%,2025-05-16,21.5730606880188,2025-05-22,20.549999237060547,4,close_below_ma25,-4.74%,-4.94%
INTC,政策/AI觀察,弱量續攻,2025-05-16,base_60d,0.20%,0.20%,2025-05-19,21.222360305786133,2025-05-20,21.270000457763672,1,volume_weak,0.22%,0.02%
INTC,政策/AI觀察,弱量續攻,2025-05-16,risk_30d,0.20%,0.20%,2025-05-19,21.222360305786133,2025-07-02,21.8799991607666,30,max_30d,3.10%,2.90%
INTC,政策/AI觀察,弱量續攻,2025-05-16,trend_60d,0.20%,0.20%,2025-05-19,21.222360305786133,2025-05-22,20.549999237060547,3,close_below_ma25,-3.17%,-3.37%
INTC,政策/AI觀察,弱量續攻,2025-05-29,base_60d,0.20%,0.20%,2025-05-30,20.3005202293396,2025-06-02,19.739999771118164,1,close_below_ma25,-2.76%,-2.96%
INTC,政策/AI觀察,弱量續攻,2025-05-29,risk_30d,0.20%,0.20%,2025-05-30,20.3005202293396,2025-07-08,23.59000015258789,25,target_reached,16.20%,16.00%
INTC,政策/AI觀察,弱量續攻,2025-05-29,trend_60d,0.20%,0.20%,2025-05-30,20.3005202293396,2025-06-02,19.739999771118164,1,close_below_ma25,-2.76%,-2.96%
INTC,政策/AI觀察,弱量續攻,2025-06-06,base_60d,0.20%,0.20%,2025-06-09,20.2604393119812,2025-06-11,20.68000030517578,2,close_below_ma25,2.07%,1.87%
INTC,政策/AI觀察,弱量續攻,2025-06-06,risk_30d,0.20%,0.20%,2025-06-09,20.2604393119812,2025-07-08,23.59000015258789,19,target_reached,16.43%,16.23%
INTC,政策/AI觀察,弱量續攻,2025-06-06,trend_60d,0.20%,0.20%,2025-06-09,20.2604393119812,2025-06-11,20.68000030517578,2,close_below_ma25,2.07%,1.87%
INTC,政策/AI觀察,弱量續攻,2025-06-09,base_60d,0.20%,0.20%,2025-06-10,20.541,2025-06-11,20.68000030517578,1,close_below_ma25,0.68%,0.48%
INTC,政策/AI觀察,弱量續攻,2025-06-09,risk_30d,0.20%,0.20%,2025-06-10,20.541,2025-07-10,23.81999969482422,20,target_reached,15.96%,15.76%
INTC,政策/AI觀察,弱量續攻,2025-06-09,trend_60d,0.20%,0.20%,2025-06-10,20.541,2025-06-11,20.68000030517578,1,close_below_ma25,0.68%,0.48%
INTC,政策/AI觀察,沖量,2025-06-10,base_60d,0.20%,0.20%,2025-06-11,21.823560688018798,2025-06-12,20.770000457763672,1,close_below_ma25,-4.83%,-5.03%
INTC,政策/AI觀察,沖量,2025-06-10,risk_30d,0.20%,0.20%,2025-06-11,21.823560688018798,2025-07-25,20.700000762939453,30,max_30d,-5.15%,-5.35%
INTC,政策/AI觀察,沖量,2025-06-10,trend_60d,0.20%,0.20%,2025-06-11,21.823560688018798,2025-06-12,20.770000457763672,1,close_below_ma25,-4.83%,-5.03%
INTC,政策/AI觀察,波段,2025-06-11,base_60d,0.20%,0.20%,2025-06-12,20.541,2025-06-13,20.139999389648438,1,close_below_ma25,-1.95%,-2.15%
INTC,政策/AI觀察,波段,2025-06-11,risk_30d,0.20%,0.20%,2025-06-12,20.541,2025-07-10,23.81999969482422,18,target_reached,15.96%,15.76%
INTC,政策/AI觀察,波段,2025-06-11,trend_60d,0.20%,0.20%,2025-06-12,20.541,2025-06-13,20.139999389648438,1,close_below_ma25,-1.95%,-2.15%
INTC,政策/AI觀察,波段,2025-06-12,base_60d,0.20%,0.20%,2025-06-13,20.370659923553468,2025-06-16,20.739999771118164,1,close_below_ma25,1.81%,1.61%
INTC,政策/AI觀察,波段,2025-06-12,risk_30d,0.20%,0.20%,2025-06-13,20.370659923553468,2025-07-08,23.59000015258789,15,target_reached,15.80%,15.60%
INTC,政策/AI觀察,波段,2025-06-12,trend_60d,0.20%,0.20%,2025-06-13,20.370659923553468,2025-06-16,20.739999771118164,1,close_below_ma25,1.81%,1.61%
INTC,政策/AI觀察,波段,2025-06-13,base_60d,0.20%,0.20%,2025-06-16,20.450819847106935,2025-06-18,21.489999771118164,2,volume_weak,5.08%,4.88%
INTC,政策/AI觀察,波段,2025-06-13,risk_30d,0.20%,0.20%,2025-06-16,20.450819847106935,2025-07-08,23.59000015258789,14,target_reached,15.35%,15.15%
INTC,政策/AI觀察,波段,2025-06-13,trend_60d,0.20%,0.20%,2025-06-16,20.450819847106935,2025-07-24,22.6299991607666,26,close_below_ma25,10.66%,10.46%
INTC,政策/AI觀察,波段,2025-06-16,base_60d,0.20%,0.20%,2025-06-17,20.671259159088134,2025-06-18,21.489999771118164,1,volume_weak,3.96%,3.76%
INTC,政策/AI觀察,波段,2025-06-16,risk_30d,0.20%,0.20%,2025-06-17,20.671259159088134,2025-07-10,23.81999969482422,15,target_reached,15.23%,15.03%
INTC,政策/AI觀察,波段,2025-06-16,trend_60d,0.20%,0.20%,2025-06-17,20.671259159088134,2025-07-24,22.6299991607666,25,close_below_ma25,9.48%,9.28%
INTC,政策/AI觀察,弱量續攻,2025-06-27,base_60d,0.20%,0.20%,2025-06-30,23.0159393119812,2025-07-01,22.850000381469727,1,volume_weak,-0.72%,-0.92%
INTC,政策/AI觀察,弱量續攻,2025-06-27,risk_30d,0.20%,0.20%,2025-06-30,23.0159393119812,2025-07-25,20.700000762939453,18,risk_stop,-10.06%,-10.26%
INTC,政策/AI觀察,弱量續攻,2025-06-27,trend_60d,0.20%,0.20%,2025-06-30,23.0159393119812,2025-07-24,22.6299991607666,17,close_below_ma25,-1.68%,-1.88%
INTC,政策/AI觀察,弱量續攻,2025-06-30,base_60d,0.20%,0.20%,2025-07-01,22.374659923553466,2025-07-10,23.81999969482422,6,volume_weak,6.46%,6.26%
INTC,政策/AI觀察,弱量續攻,2025-06-30,risk_30d,0.20%,0.20%,2025-07-01,22.374659923553466,2025-07-29,20.40999984741211,19,risk_stop,-8.78%,-8.98%
INTC,政策/AI觀察,弱量續攻,2025-06-30,trend_60d,0.20%,0.20%,2025-07-01,22.374659923553466,2025-07-24,22.6299991607666,16,close_below_ma25,1.14%,0.94%
INTC,政策/AI觀察,弱量續攻,2025-07-01,base_60d,0.20%,0.20%,2025-07-02,22.575060688018798,2025-07-10,23.81999969482422,5,volume_weak,5.51%,5.31%
INTC,政策/AI觀察,弱量續攻,2025-07-01,risk_30d,0.20%,0.20%,2025-07-02,22.575060688018798,2025-07-25,20.700000762939453,16,risk_stop,-8.31%,-8.51%
INTC,政策/AI觀察,弱量續攻,2025-07-01,trend_60d,0.20%,0.20%,2025-07-02,22.575060688018798,2025-07-24,22.6299991607666,15,close_below_ma25,0.24%,0.04%
INTC,政策/AI觀察,沖量,2025-07-02,base_60d,0.20%,0.20%,2025-07-03,22.194299617767335,2025-07-10,23.81999969482422,4,volume_weak,7.32%,7.12%
INTC,政策/AI觀察,沖量,2025-07-02,risk_30d,0.20%,0.20%,2025-07-03,22.194299617767335,2025-07-29,20.40999984741211,17,risk_stop,-8.04%,-8.24%
INTC,政策/AI觀察,沖量,2025-07-02,trend_60d,0.20%,0.20%,2025-07-03,22.194299617767335,2025-07-24,22.6299991607666,14,close_below_ma25,1.96%,1.76%
INTC,政策/AI觀察,波段,2025-07-07,base_60d,0.20%,0.20%,2025-07-08,22.22436030578613,2025-07-10,23.81999969482422,2,volume_weak,7.18%,6.98%
INTC,政策/AI觀察,波段,2025-07-07,risk_30d,0.20%,0.20%,2025-07-08,22.22436030578613,2025-07-29,20.40999984741211,15,risk_stop,-8.16%,-8.36%
INTC,政策/AI觀察,波段,2025-07-07,trend_60d,0.20%,0.20%,2025-07-08,22.22436030578613,2025-07-24,22.6299991607666,12,close_below_ma25,1.83%,1.63%
INTC,政策/AI觀察,弱量續攻,2025-07-10,base_60d,0.20%,0.20%,2025-07-11,23.607119464874266,2025-07-14,23.299999237060547,1,volume_weak,-1.30%,-1.50%
INTC,政策/AI觀察,弱量續攻,2025-07-10,risk_30d,0.20%,0.20%,2025-07-11,23.607119464874266,2025-07-25,20.700000762939453,10,risk_stop,-12.31%,-12.51%
INTC,政策/AI觀察,弱量續攻,2025-07-10,trend_60d,0.20%,0.20%,2025-07-11,23.607119464874266,2025-07-24,22.6299991607666,9,close_below_ma25,-4.14%,-4.34%
INTC,政策/AI觀察,弱量續攻,2025-07-11,base_60d,0.20%,0.20%,2025-07-14,23.2864797706604,2025-07-15,22.920000076293945,1,volume_weak,-1.57%,-1.77%
INTC,政策/AI觀察,弱量續攻,2025-07-11,risk_30d,0.20%,0.20%,2025-07-14,23.2864797706604,2025-07-25,20.700000762939453,9,risk_stop,-11.11%,-11.31%
INTC,政策/AI觀察,弱量續攻,2025-07-11,trend_60d,0.20%,0.20%,2025-07-14,23.2864797706604,2025-07-24,22.6299991607666,8,close_below_ma25,-2.82%,-3.02%
INTC,政策/AI觀察,弱量續攻,2025-07-14,base_60d,0.20%,0.20%,2025-07-15,23.61713969421387,2025-07-16,22.690000534057617,1,volume_weak,-3.93%,-4.13%
INTC,政策/AI觀察,弱量續攻,2025-07-14,risk_30d,0.20%,0.20%,2025-07-15,23.61713969421387,2025-07-25,20.700000762939453,8,risk_stop,-12.35%,-12.55%
INTC,政策/AI觀察,弱量續攻,2025-07-14,trend_60d,0.20%,0.20%,2025-07-15,23.61713969421387,2025-07-24,22.6299991607666,7,close_below_ma25,-4.18%,-4.38%
INTC,政策/AI觀察,縮量黑馬,2025-07-17,base_60d,0.20%,0.20%,2025-07-18,23.266439311981202,2025-07-21,23.260000228881836,1,volume_weak,-0.03%,-0.23%
INTC,政策/AI觀察,縮量黑馬,2025-07-17,risk_30d,0.20%,0.20%,2025-07-18,23.266439311981202,2025-07-25,20.700000762939453,5,risk_stop,-11.03%,-11.23%
INTC,政策/AI觀察,縮量黑馬,2025-07-17,trend_60d,0.20%,0.20%,2025-07-18,23.266439311981202,2025-07-24,22.6299991607666,4,close_below_ma25,-2.74%,-2.94%
INTC,政策/AI觀察,弱量續攻,2025-07-18,base_60d,0.20%,0.20%,2025-07-21,23.446799617767333,2025-07-22,23.239999771118164,1,volume_weak,-0.88%,-1.08%
INTC,政策/AI觀察,弱量續攻,2025-07-18,risk_30d,0.20%,0.20%,2025-07-21,23.446799617767333,2025-07-25,20.700000762939453,4,risk_stop,-11.72%,-11.92%
INTC,政策/AI觀察,弱量續攻,2025-07-18,trend_60d,0.20%,0.20%,2025-07-21,23.446799617767333,2025-07-24,22.6299991607666,3,close_below_ma25,-3.48%,-3.68%
INTC,政策/AI觀察,弱量續攻,2025-07-21,base_60d,0.20%,0.20%,2025-07-22,23.386680152893067,2025-07-23,23.489999771118164,1,volume_weak,0.44%,0.24%
INTC,政策/AI觀察,弱量續攻,2025-07-21,risk_30d,0.20%,0.20%,2025-07-22,23.386680152893067,2025-07-25,20.700000762939453,3,risk_stop,-11.49%,-11.69%
INTC,政策/AI觀察,弱量續攻,2025-07-21,trend_60d,0.20%,0.20%,2025-07-22,23.386680152893067,2025-07-24,22.6299991607666,2,close_below_ma25,-3.24%,-3.44%
INTC,政策/AI觀察,弱量續攻,2025-07-22,base_60d,0.20%,0.20%,2025-07-23,23.3065202293396,2025-07-24,22.6299991607666,1,close_below_ma25,-2.90%,-3.10%
INTC,政策/AI觀察,弱量續攻,2025-07-22,risk_30d,0.20%,0.20%,2025-07-23,23.3065202293396,2025-07-25,20.700000762939453,2,risk_stop,-11.18%,-11.38%
INTC,政策/AI觀察,弱量續攻,2025-07-22,trend_60d,0.20%,0.20%,2025-07-23,23.3065202293396,2025-07-24,22.6299991607666,1,close_below_ma25,-2.90%,-3.10%
INTC,政策/AI觀察,弱量續攻,2025-07-23,base_60d,0.20%,0.20%,2025-07-24,23.536979770660402,2025-07-25,20.700000762939453,1,close_below_ma25,-12.05%,-12.25%
INTC,政策/AI觀察,弱量續攻,2025-07-23,risk_30d,0.20%,0.20%,2025-07-24,23.536979770660402,2025-07-25,20.700000762939453,1,risk_stop,-12.05%,-12.25%
INTC,政策/AI觀察,弱量續攻,2025-07-23,trend_60d,0.20%,0.20%,2025-07-24,23.536979770660402,2025-07-25,20.700000762939453,1,close_below_ma25,-12.05%,-12.25%
INTC,政策/AI觀察,波段,2025-08-20,base_60d,0.20%,0.20%,2025-08-21,23.5770606880188,2025-08-29,24.350000381469727,6,volume_weak,3.28%,3.08%
INTC,政策/AI觀察,波段,2025-08-20,risk_30d,0.20%,0.20%,2025-08-21,23.5770606880188,2025-09-18,30.56999969482422,19,target_reached,29.66%,29.46%
INTC,政策/AI觀察,波段,2025-08-20,trend_60d,0.20%,0.20%,2025-08-21,23.5770606880188,2025-11-04,37.029998779296875,52,close_below_ma25,57.06%,56.86%
INTC,政策/AI觀察,波段,2025-08-21,base_60d,0.20%,0.20%,2025-08-22,23.697299617767335,2025-08-29,24.350000381469727,5,volume_weak,2.75%,2.55%
INTC,政策/AI觀察,波段,2025-08-21,risk_30d,0.20%,0.20%,2025-08-22,23.697299617767335,2025-09-18,30.56999969482422,18,target_reached,29.00%,28.80%
INTC,政策/AI觀察,波段,2025-08-21,trend_60d,0.20%,0.20%,2025-08-22,23.697299617767335,2025-11-04,37.029998779296875,51,close_below_ma25,56.26%,56.06%
INTC,政策/AI觀察,縮量黑馬,2025-09-02,base_60d,0.20%,0.20%,2025-09-03,24.138180152893067,2025-09-04,24.610000610351562,1,volume_weak,1.95%,1.75%
INTC,政策/AI觀察,縮量黑馬,2025-09-02,risk_30d,0.20%,0.20%,2025-09-03,24.138180152893067,2025-09-18,30.56999969482422,11,target_reached,26.65%,26.45%
INTC,政策/AI觀察,縮量黑馬,2025-09-02,trend_60d,0.20%,0.20%,2025-09-03,24.138180152893067,2025-11-04,37.029998779296875,44,close_below_ma25,53.41%,53.21%
INTC,政策/AI觀察,縮量黑馬,2025-09-03,base_60d,0.20%,0.20%,2025-09-04,23.897700382232667,2025-09-05,24.489999771118164,1,volume_weak,2.48%,2.28%
INTC,政策/AI觀察,縮量黑馬,2025-09-03,risk_30d,0.20%,0.20%,2025-09-04,23.897700382232667,2025-09-18,30.56999969482422,10,target_reached,27.92%,27.72%
INTC,政策/AI觀察,縮量黑馬,2025-09-03,trend_60d,0.20%,0.20%,2025-09-04,23.897700382232667,2025-11-04,37.029998779296875,43,close_below_ma25,54.95%,54.75%
INTC,政策/AI觀察,弱量續攻,2025-09-04,base_60d,0.20%,0.20%,2025-09-05,24.649200382232667,2025-09-08,24.479999542236328,1,volume_weak,-0.69%,-0.89%
INTC,政策/AI觀察,弱量續攻,2025-09-04,risk_30d,0.20%,0.20%,2025-09-05,24.649200382232667,2025-09-18,30.56999969482422,9,target_reached,24.02%,23.82%
INTC,政策/AI觀察,弱量續攻,2025-09-04,trend_60d,0.20%,0.20%,2025-09-05,24.649200382232667,2025-11-04,37.029998779296875,42,close_below_ma25,50.23%,50.03%
INTC,政策/AI觀察,弱量續攻,2025-09-05,base_60d,0.20%,0.20%,2025-09-08,24.528959541320802,2025-09-09,24.440000534057617,1,volume_weak,-0.36%,-0.56%
INTC,政策/AI觀察,弱量續攻,2025-09-05,risk_30d,0.20%,0.20%,2025-09-08,24.528959541320802,2025-09-18,30.56999969482422,8,target_reached,24.63%,24.43%
INTC,政策/AI觀察,弱量續攻,2025-09-05,trend_60d,0.20%,0.20%,2025-09-08,24.528959541320802,2025-11-04,37.029998779296875,41,close_below_ma25,50.96%,50.76%
INTC,政策/AI觀察,弱量續攻,2025-09-08,base_60d,0.20%,0.20%,2025-09-09,24.5790606880188,2025-09-10,24.770000457763672,1,volume_weak,0.78%,0.58%
INTC,政策/AI觀察,弱量續攻,2025-09-08,risk_30d,0.20%,0.20%,2025-09-09,24.5790606880188,2025-09-18,30.56999969482422,7,target_reached,24.37%,24.17%
INTC,政策/AI觀察,弱量續攻,2025-09-08,trend_60d,0.20%,0.20%,2025-09-09,24.5790606880188,2025-11-04,37.029998779296875,40,close_below_ma25,50.66%,50.46%
INTC,政策/AI觀察,弱量續攻,2025-09-09,base_60d,0.20%,0.20%,2025-09-10,24.468840076446533,2025-09-11,24.610000610351562,1,volume_weak,0.58%,0.38%
INTC,政策/AI觀察,弱量續攻,2025-09-09,risk_30d,0.20%,0.20%,2025-09-10,24.468840076446533,2025-09-18,30.56999969482422,6,target_reached,24.93%,24.73%
INTC,政策/AI觀察,弱量續攻,2025-09-09,trend_60d,0.20%,0.20%,2025-09-10,24.468840076446533,2025-11-04,37.029998779296875,39,close_below_ma25,51.34%,51.14%
INTC,政策/AI觀察,弱量續攻,2025-09-10,base_60d,0.20%,0.20%,2025-09-11,24.8095202293396,2025-09-12,24.079999923706055,1,volume_weak,-2.94%,-3.14%
INTC,政策/AI觀察,弱量續攻,2025-09-10,risk_30d,0.20%,0.20%,2025-09-11,24.8095202293396,2025-09-18,30.56999969482422,5,target_reached,23.22%,23.02%
INTC,政策/AI觀察,弱量續攻,2025-09-10,trend_60d,0.20%,0.20%,2025-09-11,24.8095202293396,2025-11-04,37.029998779296875,38,close_below_ma25,49.26%,49.06%
INTC,政策/AI觀察,弱量續攻,2025-09-11,base_60d,0.20%,0.20%,2025-09-12,24.659220611572266,2025-09-15,24.770000457763672,1,volume_weak,0.45%,0.25%
INTC,政策/AI觀察,弱量續攻,2025-09-11,risk_30d,0.20%,0.20%,2025-09-12,24.659220611572266,2025-09-18,30.56999969482422,4,target_reached,23.97%,23.77%
INTC,政策/AI觀察,弱量續攻,2025-09-11,trend_60d,0.20%,0.20%,2025-09-12,24.659220611572266,2025-11-04,37.029998779296875,37,close_below_ma25,50.17%,49.97%
INTC,政策/AI觀察,弱量續攻,2025-09-15,base_60d,0.20%,0.20%,2025-09-16,24.869639694213866,2025-09-17,24.899999618530273,1,volume_weak,0.12%,-0.08%
INTC,政策/AI觀察,弱量續攻,2025-09-15,risk_30d,0.20%,0.20%,2025-09-16,24.869639694213866,2025-09-18,30.56999969482422,2,target_reached,22.92%,22.72%
INTC,政策/AI觀察,弱量續攻,2025-09-15,trend_60d,0.20%,0.20%,2025-09-16,24.869639694213866,2025-11-04,37.029998779296875,35,close_below_ma25,48.90%,48.70%
INTC,政策/AI觀察,弱量續攻,2025-09-16,base_60d,0.20%,0.20%,2025-09-17,25.130159923553467,2025-10-08,37.43000030517578,15,volume_weak,48.94%,48.74%
INTC,政策/AI觀察,弱量續攻,2025-09-16,risk_30d,0.20%,0.20%,2025-09-17,25.130159923553467,2025-09-18,30.56999969482422,1,target_reached,21.65%,21.45%
INTC,政策/AI觀察,弱量續攻,2025-09-16,trend_60d,0.20%,0.20%,2025-09-17,25.130159923553467,2025-11-04,37.029998779296875,34,close_below_ma25,47.35%,47.15%
INTC,政策/AI觀察,弱量續攻,2025-09-17,base_60d,0.20%,0.20%,2025-09-18,31.843560688018798,2025-10-08,37.43000030517578,14,volume_weak,17.54%,17.34%
INTC,政策/AI觀察,弱量續攻,2025-09-17,risk_30d,0.20%,0.20%,2025-09-18,31.843560688018798,2025-09-22,28.760000228881836,2,risk_stop,-9.68%,-9.88%
INTC,政策/AI觀察,弱量續攻,2025-09-17,trend_60d,0.20%,0.20%,2025-09-18,31.843560688018798,2025-09-22,28.760000228881836,2,atr_trail,-9.68%,-9.88%
INTC,政策/AI觀察,沖量,2025-09-18,base_60d,0.20%,0.20%,2025-09-19,30.440759159088135,2025-10-08,37.43000030517578,13,volume_weak,22.96%,22.76%
INTC,政策/AI觀察,沖量,2025-09-18,risk_30d,0.20%,0.20%,2025-09-19,30.440759159088135,2025-09-26,35.5,5,target_reached,16.62%,16.42%
INTC,政策/AI觀察,沖量,2025-09-18,trend_60d,0.20%,0.20%,2025-09-19,30.440759159088135,2025-11-04,37.029998779296875,32,close_below_ma25,21.65%,21.45%
INTC,政策/AI觀察,弱量續攻,2025-10-08,base_60d,0.20%,0.20%,2025-10-09,37.60505877685547,2025-10-10,36.369998931884766,1,volume_weak,-3.28%,-3.48%
INTC,政策/AI觀察,弱量續攻,2025-10-08,risk_30d,0.20%,0.20%,2025-10-09,37.60505877685547,2025-11-18,34.33000183105469,28,risk_stop,-8.71%,-8.91%
INTC,政策/AI觀察,弱量續攻,2025-10-08,trend_60d,0.20%,0.20%,2025-10-09,37.60505877685547,2025-11-04,37.029998779296875,18,close_below_ma25,-1.53%,-1.73%
INTC,政策/AI觀察,弱量續攻,2025-10-09,base_60d,0.20%,0.20%,2025-10-10,38.5369190826416,2025-10-13,37.220001220703125,1,volume_weak,-3.42%,-3.62%
INTC,政策/AI觀察,弱量續攻,2025-10-09,risk_30d,0.20%,0.20%,2025-10-10,38.5369190826416,2025-11-17,34.709999084472656,26,risk_stop,-9.93%,-10.13%
INTC,政策/AI觀察,弱量續攻,2025-10-09,trend_60d,0.20%,0.20%,2025-10-10,38.5369190826416,2025-11-04,37.029998779296875,17,close_below_ma25,-3.91%,-4.11%
INTC,政策/AI觀察,弱量續攻,2025-10-13,base_60d,0.20%,0.20%,2025-10-14,36.072,2025-10-15,37.150001525878906,1,volume_weak,2.99%,2.79%
INTC,政策/AI觀察,弱量續攻,2025-10-13,risk_30d,0.20%,0.20%,2025-10-14,36.072,2025-10-28,41.529998779296875,10,target_reached,15.13%,14.93%
INTC,政策/AI觀察,弱量續攻,2025-10-13,trend_60d,0.20%,0.20%,2025-10-14,36.072,2025-11-04,37.029998779296875,15,close_below_ma25,2.66%,2.46%
INTC,政策/AI觀察,弱量續攻,2025-10-15,base_60d,0.20%,0.20%,2025-10-16,37.22430152893067,2025-10-17,37.0099983215332,1,volume_weak,-0.58%,-0.78%
INTC,政策/AI觀察,弱量續攻,2025-10-15,risk_30d,0.20%,0.20%,2025-10-16,37.22430152893067,2025-11-20,33.619998931884766,25,risk_stop,-9.68%,-9.88%
INTC,政策/AI觀察,弱量續攻,2025-10-15,trend_60d,0.20%,0.20%,2025-10-16,37.22430152893067,2025-11-04,37.029998779296875,13,close_below_ma25,-0.52%,-0.72%
INTC,政策/AI觀察,弱量續攻,2025-10-17,base_60d,0.20%,0.20%,2025-10-20,37.64513969421387,2025-10-21,38.119998931884766,1,volume_weak,1.26%,1.06%
INTC,政策/AI觀察,弱量續攻,2025-10-17,risk_30d,0.20%,0.20%,2025-10-20,37.64513969421387,2025-11-18,34.33000183105469,21,risk_stop,-8.81%,-9.01%
INTC,政策/AI觀察,弱量續攻,2025-10-17,trend_60d,0.20%,0.20%,2025-10-20,37.64513969421387,2025-11-04,37.029998779296875,11,close_below_ma25,-1.63%,-1.83%
INTC,政策/AI觀察,弱量續攻,2025-10-20,base_60d,0.20%,0.20%,2025-10-21,38.216279388427736,2025-10-22,36.91999816894531,1,volume_weak,-3.39%,-3.59%
INTC,政策/AI觀察,弱量續攻,2025-10-20,risk_30d,0.20%,0.20%,2025-10-21,38.216279388427736,2025-11-17,34.709999084472656,19,risk_stop,-9.17%,-9.37%
INTC,政策/AI觀察,弱量續攻,2025-10-20,trend_60d,0.20%,0.20%,2025-10-21,38.216279388427736,2025-11-04,37.029998779296875,10,close_below_ma25,-3.10%,-3.30%
INTC,政策/AI觀察,弱量續攻,2025-10-21,base_60d,0.20%,0.20%,2025-10-22,37.91568015289307,2025-10-23,38.15999984741211,1,volume_weak,0.64%,0.44%
INTC,政策/AI觀察,弱量續攻,2025-10-21,risk_30d,0.20%,0.20%,2025-10-22,37.91568015289307,2025-11-17,34.709999084472656,18,risk_stop,-8.45%,-8.65%
INTC,政策/AI觀察,弱量續攻,2025-10-21,trend_60d,0.20%,0.20%,2025-10-22,37.91568015289307,2025-11-04,37.029998779296875,9,close_below_ma25,-2.34%,-2.54%
INTC,政策/AI觀察,弱量續攻,2025-10-23,base_60d,0.20%,0.20%,2025-10-24,40.100040458679196,2025-10-31,39.9900016784668,5,volume_weak,-0.27%,-0.47%
INTC,政策/AI觀察,弱量續攻,2025-10-23,risk_30d,0.20%,0.20%,2025-10-24,40.100040458679196,2025-11-13,35.90999984741211,14,risk_stop,-10.45%,-10.65%
INTC,政策/AI觀察,弱量續攻,2025-10-23,trend_60d,0.20%,0.20%,2025-10-24,40.100040458679196,2025-11-04,37.029998779296875,7,close_below_ma25,-7.66%,-7.86%
INTC,政策/AI觀察,弱量續攻,2025-10-24,base_60d,0.20%,0.20%,2025-10-27,38.46677938842773,2025-10-31,39.9900016784668,4,volume_weak,3.96%,3.76%
INTC,政策/AI觀察,弱量續攻,2025-10-24,risk_30d,0.20%,0.20%,2025-10-27,38.46677938842773,2025-11-17,34.709999084472656,15,risk_stop,-9.77%,-9.97%
INTC,政策/AI觀察,弱量續攻,2025-10-24,trend_60d,0.20%,0.20%,2025-10-27,38.46677938842773,2025-11-04,37.029998779296875,6,close_below_ma25,-3.74%,-3.94%
INTC,政策/AI觀察,沖量,2025-10-27,base_60d,0.20%,0.20%,2025-10-28,39.66918015289307,2025-10-31,39.9900016784668,3,volume_weak,0.81%,0.61%
INTC,政策/AI觀察,沖量,2025-10-27,risk_30d,0.20%,0.20%,2025-10-28,39.66918015289307,2025-11-13,35.90999984741211,12,risk_stop,-9.48%,-9.68%
INTC,政策/AI觀察,沖量,2025-10-27,trend_60d,0.20%,0.20%,2025-10-28,39.66918015289307,2025-11-04,37.029998779296875,5,close_below_ma25,-6.65%,-6.85%
INTC,政策/AI觀察,波段,2025-10-30,base_60d,0.20%,0.20%,2025-10-31,40.761360305786134,2025-11-03,39.5,1,volume_weak,-3.09%,-3.29%
INTC,政策/AI觀察,波段,2025-10-30,risk_30d,0.20%,0.20%,2025-10-31,40.761360305786134,2025-11-04,37.029998779296875,2,risk_stop,-9.15%,-9.35%
INTC,政策/AI觀察,波段,2025-10-30,trend_60d,0.20%,0.20%,2025-10-31,40.761360305786134,2025-11-04,37.029998779296875,2,close_below_ma25,-9.15%,-9.35%
INTC,政策/AI觀察,弱量續攻,2025-10-31,base_60d,0.20%,0.20%,2025-11-03,40.3305,2025-11-04,37.029998779296875,1,close_below_ma25,-8.18%,-8.38%
INTC,政策/AI觀察,弱量續攻,2025-10-31,risk_30d,0.20%,0.20%,2025-11-03,40.3305,2025-11-04,37.029998779296875,1,risk_stop,-8.18%,-8.38%
INTC,政策/AI觀察,弱量續攻,2025-10-31,trend_60d,0.20%,0.20%,2025-11-03,40.3305,2025-11-04,37.029998779296875,1,close_below_ma25,-8.18%,-8.38%
INTC,政策/AI觀察,縮量黑馬,2025-11-03,base_60d,0.20%,0.20%,2025-11-04,38.216279388427736,2025-11-05,38.380001068115234,1,volume_weak,0.43%,0.23%
INTC,政策/AI觀察,縮量黑馬,2025-11-03,risk_30d,0.20%,0.20%,2025-11-04,38.216279388427736,2025-11-17,34.709999084472656,9,risk_stop,-9.17%,-9.37%
INTC,政策/AI觀察,縮量黑馬,2025-11-03,trend_60d,0.20%,0.20%,2025-11-04,38.216279388427736,2025-11-06,37.2400016784668,2,close_below_ma25,-2.55%,-2.75%
INTC,政策/AI觀察,弱量續攻,2025-11-07,base_60d,0.20%,0.20%,2025-11-10,39.00786030578613,2025-11-11,37.880001068115234,1,close_below_ma25,-2.89%,-3.09%
INTC,政策/AI觀察,弱量續攻,2025-11-07,risk_30d,0.20%,0.20%,2025-11-10,39.00786030578613,2025-11-14,35.52000045776367,4,risk_stop,-8.94%,-9.14%
INTC,政策/AI觀察,弱量續攻,2025-11-07,trend_60d,0.20%,0.20%,2025-11-10,39.00786030578613,2025-11-11,37.880001068115234,1,close_below_ma25,-2.89%,-3.09%
INTC,政策/AI觀察,弱量續攻,2025-11-10,base_60d,0.20%,0.20%,2025-11-11,38.22630152893066,2025-11-12,37.88999938964844,1,close_below_ma25,-0.88%,-1.08%
INTC,政策/AI觀察,弱量續攻,2025-11-10,risk_30d,0.20%,0.20%,2025-11-11,38.22630152893066,2025-11-17,34.709999084472656,4,risk_stop,-9.20%,-9.40%
INTC,政策/AI觀察,弱量續攻,2025-11-10,trend_60d,0.20%,0.20%,2025-11-11,38.22630152893066,2025-11-12,37.88999938964844,1,close_below_ma25,-0.88%,-1.08%
INTC,政策/AI觀察,弱量續攻,2025-11-11,base_60d,0.20%,0.20%,2025-11-12,38.1361213760376,2025-11-13,35.90999984741211,1,close_below_ma25,-5.84%,-6.04%
INTC,政策/AI觀察,弱量續攻,2025-11-11,risk_30d,0.20%,0.20%,2025-11-12,38.1361213760376,2025-11-17,34.709999084472656,3,risk_stop,-8.98%,-9.18%
INTC,政策/AI觀察,弱量續攻,2025-11-11,trend_60d,0.20%,0.20%,2025-11-12,38.1361213760376,2025-11-13,35.90999984741211,1,close_below_ma25,-5.84%,-6.04%
INTC,政策/AI觀察,縮量黑馬,2025-11-12,base_60d,0.20%,0.20%,2025-11-13,37.3445404586792,2025-11-14,35.52000045776367,1,close_below_ma25,-4.89%,-5.09%
INTC,政策/AI觀察,縮量黑馬,2025-11-12,risk_30d,0.20%,0.20%,2025-11-13,37.3445404586792,2025-11-18,34.33000183105469,3,risk_stop,-8.07%,-8.27%
INTC,政策/AI觀察,縮量黑馬,2025-11-12,trend_60d,0.20%,0.20%,2025-11-13,37.3445404586792,2025-11-14,35.52000045776367,1,close_below_ma25,-4.89%,-5.09%
INTC,政策/AI觀察,弱量續攻,2025-12-01,base_60d,0.20%,0.20%,2025-12-02,40.550941223144534,2025-12-03,43.7599983215332,1,volume_weak,7.91%,7.71%
INTC,政策/AI觀察,弱量續攻,2025-12-01,risk_30d,0.20%,0.20%,2025-12-02,40.550941223144534,2025-12-17,36.04999923706055,11,risk_stop,-11.10%,-11.30%
INTC,政策/AI觀察,弱量續攻,2025-12-01,trend_60d,0.20%,0.20%,2025-12-02,40.550941223144534,2025-12-12,37.810001373291016,8,close_below_ma25,-6.76%,-6.96%
INTC,政策/AI觀察,弱量續攻,2025-12-02,base_60d,0.20%,0.20%,2025-12-03,43.47677938842774,2025-12-04,40.5,1,volume_weak,-6.85%,-7.05%
INTC,政策/AI觀察,弱量續攻,2025-12-02,risk_30d,0.20%,0.20%,2025-12-03,43.47677938842774,2025-12-11,39.5099983215332,6,risk_stop,-9.12%,-9.32%
INTC,政策/AI觀察,弱量續攻,2025-12-02,trend_60d,0.20%,0.20%,2025-12-03,43.47677938842774,2025-12-12,37.810001373291016,7,close_below_ma25,-13.03%,-13.23%
INTC,政策/AI觀察,弱量續攻,2025-12-03,base_60d,0.20%,0.20%,2025-12-04,43.34651831817627,2025-12-05,41.40999984741211,1,volume_weak,-4.47%,-4.67%
INTC,政策/AI觀察,弱量續攻,2025-12-03,risk_30d,0.20%,0.20%,2025-12-04,43.34651831817627,2025-12-11,39.5099983215332,5,risk_stop,-8.85%,-9.05%
INTC,政策/AI觀察,弱量續攻,2025-12-03,trend_60d,0.20%,0.20%,2025-12-04,43.34651831817627,2025-12-12,37.810001373291016,6,close_below_ma25,-12.77%,-12.97%
INTC,政策/AI觀察,弱量續攻,2025-12-04,base_60d,0.20%,0.20%,2025-12-05,41.242319847106934,2025-12-08,40.29999923706055,1,volume_weak,-2.28%,-2.48%
INTC,政策/AI觀察,弱量續攻,2025-12-04,risk_30d,0.20%,0.20%,2025-12-05,41.242319847106934,2025-12-12,37.810001373291016,5,risk_stop,-8.32%,-8.52%
INTC,政策/AI觀察,弱量續攻,2025-12-04,trend_60d,0.20%,0.20%,2025-12-05,41.242319847106934,2025-12-12,37.810001373291016,5,close_below_ma25,-8.32%,-8.52%
INTC,政策/AI觀察,弱量續攻,2025-12-05,base_60d,0.20%,0.20%,2025-12-08,42.0238786239624,2025-12-09,40.5,1,volume_weak,-3.63%,-3.83%
INTC,政策/AI觀察,弱量續攻,2025-12-05,risk_30d,0.20%,0.20%,2025-12-08,42.0238786239624,2025-12-12,37.810001373291016,4,risk_stop,-10.03%,-10.23%
INTC,政策/AI觀察,弱量續攻,2025-12-05,trend_60d,0.20%,0.20%,2025-12-08,42.0238786239624,2025-12-12,37.810001373291016,4,close_below_ma25,-10.03%,-10.23%
INTC,政策/AI觀察,弱量續攻,2025-12-08,base_60d,0.20%,0.20%,2025-12-09,40.8114595413208,2025-12-10,40.779998779296875,1,volume_weak,-0.08%,-0.28%
INTC,政策/AI觀察,弱量續攻,2025-12-08,risk_30d,0.20%,0.20%,2025-12-09,40.8114595413208,2025-12-15,37.5099983215332,4,risk_stop,-8.09%,-8.29%
INTC,政策/AI觀察,弱量續攻,2025-12-08,trend_60d,0.20%,0.20%,2025-12-09,40.8114595413208,2025-12-12,37.810001373291016,3,close_below_ma25,-7.35%,-7.55%
INTC,政策/AI觀察,縮量黑馬,2025-12-16,base_60d,0.20%,0.20%,2025-12-17,37.665180152893065,2025-12-18,36.279998779296875,1,close_below_ma25,-3.68%,-3.88%
INTC,政策/AI觀察,縮量黑馬,2025-12-16,risk_30d,0.20%,0.20%,2025-12-17,37.665180152893065,2026-01-09,45.54999923706055,15,target_reached,20.93%,20.73%
INTC,政策/AI觀察,縮量黑馬,2025-12-16,trend_60d,0.20%,0.20%,2025-12-17,37.665180152893065,2025-12-18,36.279998779296875,1,close_below_ma25,-3.68%,-3.88%
INTC,政策/AI觀察,弱量續攻,2025-12-22,base_60d,0.20%,0.20%,2025-12-23,36.31248168182373,2025-12-24,36.15999984741211,1,close_below_ma25,-0.42%,-0.62%
INTC,政策/AI觀察,弱量續攻,2025-12-22,risk_30d,0.20%,0.20%,2025-12-23,36.31248168182373,2026-01-07,42.630001068115234,9,target_reached,17.40%,17.20%
INTC,政策/AI觀察,弱量續攻,2025-12-22,trend_60d,0.20%,0.20%,2025-12-23,36.31248168182373,2025-12-24,36.15999984741211,1,close_below_ma25,-0.42%,-0.62%
INTC,政策/AI觀察,弱量續攻,2025-12-23,base_60d,0.20%,0.20%,2025-12-24,35.240338165283205,2025-12-26,36.20000076293945,1,close_below_ma25,2.72%,2.52%
INTC,政策/AI觀察,弱量續攻,2025-12-23,risk_30d,0.20%,0.20%,2025-12-24,35.240338165283205,2026-01-07,42.630001068115234,8,target_reached,20.97%,20.77%
INTC,政策/AI觀察,弱量續攻,2025-12-23,trend_60d,0.20%,0.20%,2025-12-24,35.240338165283205,2025-12-26,36.20000076293945,1,close_below_ma25,2.72%,2.52%
INTC,政策/AI觀察,弱量續攻,2025-12-24,base_60d,0.20%,0.20%,2025-12-26,36.2423381652832,2025-12-29,36.68000030517578,1,close_below_ma25,1.21%,1.01%
INTC,政策/AI觀察,弱量續攻,2025-12-24,risk_30d,0.20%,0.20%,2025-12-26,36.2423381652832,2026-01-07,42.630001068115234,7,target_reached,17.62%,17.42%
INTC,政策/AI觀察,弱量續攻,2025-12-24,trend_60d,0.20%,0.20%,2025-12-26,36.2423381652832,2025-12-29,36.68000030517578,1,close_below_ma25,1.21%,1.01%
INTC,政策/AI觀察,縮量黑馬,2025-12-26,base_60d,0.20%,0.20%,2025-12-29,36.08201831817627,2025-12-30,37.29999923706055,1,close_below_ma25,3.38%,3.18%
INTC,政策/AI觀察,縮量黑馬,2025-12-26,risk_30d,0.20%,0.20%,2025-12-29,36.08201831817627,2026-01-07,42.630001068115234,6,target_reached,18.15%,17.95%
INTC,政策/AI觀察,縮量黑馬,2025-12-26,trend_60d,0.20%,0.20%,2025-12-29,36.08201831817627,2025-12-30,37.29999923706055,1,close_below_ma25,3.38%,3.18%
INTC,政策/AI觀察,弱量續攻,2025-12-29,base_60d,0.20%,0.20%,2025-12-30,36.983819847106936,2025-12-31,36.900001525878906,1,close_below_ma25,-0.23%,-0.43%
INTC,政策/AI觀察,弱量續攻,2025-12-29,risk_30d,0.20%,0.20%,2025-12-30,36.983819847106936,2026-01-07,42.630001068115234,5,target_reached,15.27%,15.07%
INTC,政策/AI觀察,弱量續攻,2025-12-29,trend_60d,0.20%,0.20%,2025-12-30,36.983819847106936,2025-12-31,36.900001525878906,1,close_below_ma25,-0.23%,-0.43%
INTC,政策/AI觀察,弱量續攻,2025-12-30,base_60d,0.20%,0.20%,2025-12-31,37.47480152893066,2026-01-02,39.380001068115234,1,volume_weak,5.08%,4.88%
INTC,政策/AI觀察,弱量續攻,2025-12-30,risk_30d,0.20%,0.20%,2025-12-31,37.47480152893066,2026-01-09,45.54999923706055,6,target_reached,21.55%,21.35%
INTC,政策/AI觀察,弱量續攻,2025-12-30,trend_60d,0.20%,0.20%,2025-12-31,37.47480152893066,2026-01-23,45.06999969482422,15,atr_trail,20.27%,20.07%
INTC,政策/AI觀察,弱量續攻,2025-12-31,base_60d,0.20%,0.20%,2026-01-02,37.8455404586792,2026-01-05,39.369998931884766,1,volume_weak,4.03%,3.83%
INTC,政策/AI觀察,弱量續攻,2025-12-31,risk_30d,0.20%,0.20%,2026-01-02,37.8455404586792,2026-01-09,45.54999923706055,5,target_reached,20.36%,20.16%
INTC,政策/AI觀察,弱量續攻,2025-12-31,trend_60d,0.20%,0.20%,2026-01-02,37.8455404586792,2026-01-23,45.06999969482422,14,atr_trail,19.09%,18.89%
INTC,政策/AI觀察,弱量續攻,2026-01-02,base_60d,0.20%,0.20%,2026-01-05,41.67318015289307,2026-01-06,40.040000915527344,1,volume_weak,-3.92%,-4.12%
INTC,政策/AI觀察,弱量續攻,2026-01-02,risk_30d,0.20%,0.20%,2026-01-05,41.67318015289307,2026-01-14,48.720001220703125,7,target_reached,16.91%,16.71%
INTC,政策/AI觀察,弱量續攻,2026-01-02,trend_60d,0.20%,0.20%,2026-01-05,41.67318015289307,2026-01-23,45.06999969482422,13,atr_trail,8.15%,7.95%
INTC,政策/AI觀察,弱量續攻,2026-01-05,base_60d,0.20%,0.20%,2026-01-06,39.93972061157226,2026-02-10,47.130001068115234,24,close_below_ma25,18.00%,17.80%
INTC,政策/AI觀察,弱量續攻,2026-01-05,risk_30d,0.20%,0.20%,2026-01-06,39.93972061157226,2026-01-13,47.290000915527344,5,target_reached,18.40%,18.20%
INTC,政策/AI觀察,弱量續攻,2026-01-05,trend_60d,0.20%,0.20%,2026-01-06,39.93972061157226,2026-01-23,45.06999969482422,12,atr_trail,12.85%,12.65%
INTC,政策/AI觀察,弱量續攻,2026-01-06,base_60d,0.20%,0.20%,2026-01-07,40.260360305786136,2026-02-10,47.130001068115234,23,close_below_ma25,17.06%,16.86%
INTC,政策/AI觀察,弱量續攻,2026-01-06,risk_30d,0.20%,0.20%,2026-01-07,40.260360305786136,2026-01-13,47.290000915527344,4,target_reached,17.46%,17.26%
INTC,政策/AI觀察,弱量續攻,2026-01-06,trend_60d,0.20%,0.20%,2026-01-07,40.260360305786136,2026-01-23,45.06999969482422,11,atr_trail,11.95%,11.75%
INTC,政策/AI觀察,沖量,2026-01-07,base_60d,0.20%,0.20%,2026-01-08,42.70523892974853,2026-02-10,47.130001068115234,22,close_below_ma25,10.36%,10.16%
INTC,政策/AI觀察,沖量,2026-01-07,risk_30d,0.20%,0.20%,2026-01-08,42.70523892974853,2026-01-21,54.25,8,target_reached,27.03%,26.83%
INTC,政策/AI觀察,沖量,2026-01-07,trend_60d,0.20%,0.20%,2026-01-08,42.70523892974853,2026-01-23,45.06999969482422,10,atr_trail,5.54%,5.34%
INTC,政策/AI觀察,波段,2026-01-08,base_60d,0.20%,0.20%,2026-01-09,41.9136618347168,2026-02-10,47.130001068115234,21,close_below_ma25,12.45%,12.25%
INTC,政策/AI觀察,波段,2026-01-08,risk_30d,0.20%,0.20%,2026-01-09,41.9136618347168,2026-01-14,48.720001220703125,3,target_reached,16.24%,16.04%
INTC,政策/AI觀察,波段,2026-01-08,trend_60d,0.20%,0.20%,2026-01-09,41.9136618347168,2026-01-23,45.06999969482422,9,atr_trail,7.53%,7.33%
INTC,政策/AI觀察,波段,2026-01-23,base_60d,0.20%,0.20%,2026-01-26,44.368558776855465,2026-02-10,47.130001068115234,11,close_below_ma25,6.22%,6.02%
INTC,政策/AI觀察,波段,2026-01-23,risk_30d,0.20%,0.20%,2026-01-26,44.368558776855465,2026-03-10,46.779998779296875,30,max_30d,5.44%,5.24%
INTC,政策/AI觀察,波段,2026-01-23,trend_60d,0.20%,0.20%,2026-01-26,44.368558776855465,2026-02-10,47.130001068115234,11,close_below_ma25,6.22%,6.02%
INTC,政策/AI觀察,波段,2026-01-26,base_60d,0.20%,0.20%,2026-01-27,44.05794122314453,2026-02-10,47.130001068115234,10,close_below_ma25,6.97%,6.77%
INTC,政策/AI觀察,波段,2026-01-26,risk_30d,0.20%,0.20%,2026-01-27,44.05794122314453,2026-03-11,47.97999954223633,30,max_30d,8.90%,8.70%
INTC,政策/AI觀察,波段,2026-01-26,trend_60d,0.20%,0.20%,2026-01-27,44.05794122314453,2026-02-10,47.130001068115234,10,close_below_ma25,6.97%,6.77%
INTC,政策/AI觀察,波段,2026-01-27,base_60d,0.20%,0.20%,2026-01-28,46.69319847106934,2026-02-10,47.130001068115234,9,close_below_ma25,0.94%,0.74%
INTC,政策/AI觀察,波段,2026-01-27,risk_30d,0.20%,0.20%,2026-01-28,46.69319847106934,2026-03-12,45.25,30,max_30d,-3.09%,-3.29%
INTC,政策/AI觀察,波段,2026-01-27,trend_60d,0.20%,0.20%,2026-01-28,46.69319847106934,2026-02-10,47.130001068115234,9,close_below_ma25,0.94%,0.74%
INTC,政策/AI觀察,波段,2026-01-29,base_60d,0.20%,0.20%,2026-01-30,49.0779595413208,2026-02-10,47.130001068115234,7,close_below_ma25,-3.97%,-4.17%
INTC,政策/AI觀察,波段,2026-01-29,risk_30d,0.20%,0.20%,2026-01-30,49.0779595413208,2026-02-19,44.619998931884766,13,risk_stop,-9.08%,-9.28%
INTC,政策/AI觀察,波段,2026-01-29,trend_60d,0.20%,0.20%,2026-01-30,49.0779595413208,2026-02-10,47.130001068115234,7,close_below_ma25,-3.97%,-4.17%
INTC,政策/AI觀察,波段,2026-01-30,base_60d,0.20%,0.20%,2026-02-02,45.721261070251465,2026-02-10,47.130001068115234,6,close_below_ma25,3.08%,2.88%
INTC,政策/AI觀察,波段,2026-01-30,risk_30d,0.20%,0.20%,2026-02-02,45.721261070251465,2026-03-17,44.060001373291016,30,max_30d,-3.63%,-3.83%
INTC,政策/AI觀察,波段,2026-01-30,trend_60d,0.20%,0.20%,2026-02-02,45.721261070251465,2026-02-10,47.130001068115234,6,close_below_ma25,3.08%,2.88%
INTC,政策/AI觀察,波段,2026-02-02,base_60d,0.20%,0.20%,2026-02-03,50.1601213760376,2026-02-10,47.130001068115234,5,close_below_ma25,-6.04%,-6.24%
INTC,政策/AI觀察,波段,2026-02-02,risk_30d,0.20%,0.20%,2026-02-03,50.1601213760376,2026-02-18,45.459999084472656,10,risk_stop,-9.37%,-9.57%
INTC,政策/AI觀察,波段,2026-02-02,trend_60d,0.20%,0.20%,2026-02-03,50.1601213760376,2026-02-10,47.130001068115234,5,close_below_ma25,-6.04%,-6.24%
INTC,政策/AI觀察,波段,2026-02-03,base_60d,0.20%,0.20%,2026-02-04,49.6390809173584,2026-02-10,47.130001068115234,4,close_below_ma25,-5.05%,-5.25%
INTC,政策/AI觀察,波段,2026-02-03,risk_30d,0.20%,0.20%,2026-02-04,49.6390809173584,2026-02-18,45.459999084472656,9,risk_stop,-8.42%,-8.62%
INTC,政策/AI觀察,波段,2026-02-03,trend_60d,0.20%,0.20%,2026-02-04,49.6390809173584,2026-02-10,47.130001068115234,4,close_below_ma25,-5.05%,-5.25%
INTC,政策/AI觀察,波段,2026-02-04,base_60d,0.20%,0.20%,2026-02-05,47.68518015289307,2026-02-10,47.130001068115234,3,close_below_ma25,-1.16%,-1.36%
INTC,政策/AI觀察,波段,2026-02-04,risk_30d,0.20%,0.20%,2026-02-05,47.68518015289307,2026-02-23,43.630001068115234,11,risk_stop,-8.50%,-8.70%
INTC,政策/AI觀察,波段,2026-02-04,trend_60d,0.20%,0.20%,2026-02-05,47.68518015289307,2026-02-10,47.130001068115234,3,close_below_ma25,-1.16%,-1.36%
INTC,政策/AI觀察,波段,2026-02-05,base_60d,0.20%,0.20%,2026-02-06,49.19819847106933,2026-02-10,47.130001068115234,2,close_below_ma25,-4.20%,-4.40%
INTC,政策/AI觀察,波段,2026-02-05,risk_30d,0.20%,0.20%,2026-02-06,49.19819847106933,2026-02-19,44.619998931884766,8,risk_stop,-9.31%,-9.51%
INTC,政策/AI觀察,波段,2026-02-05,trend_60d,0.20%,0.20%,2026-02-06,49.19819847106933,2026-02-10,47.130001068115234,2,close_below_ma25,-4.20%,-4.40%
INTC,政策/AI觀察,波段,2026-02-06,base_60d,0.20%,0.20%,2026-02-09,49.689180152893066,2026-02-10,47.130001068115234,1,close_below_ma25,-5.15%,-5.35%
INTC,政策/AI觀察,波段,2026-02-06,risk_30d,0.20%,0.20%,2026-02-09,49.689180152893066,2026-02-18,45.459999084472656,6,risk_stop,-8.51%,-8.71%
INTC,政策/AI觀察,波段,2026-02-06,trend_60d,0.20%,0.20%,2026-02-09,49.689180152893066,2026-02-10,47.130001068115234,1,close_below_ma25,-5.15%,-5.35%
INTC,政策/AI觀察,縮量黑馬,2026-02-09,base_60d,0.20%,0.20%,2026-02-10,50.51081984710694,2026-02-12,46.47999954223633,2,close_below_ma25,-7.98%,-8.18%
INTC,政策/AI觀察,縮量黑馬,2026-02-09,risk_30d,0.20%,0.20%,2026-02-10,50.51081984710694,2026-02-17,46.18000030517578,4,risk_stop,-8.57%,-8.77%
INTC,政策/AI觀察,縮量黑馬,2026-02-09,trend_60d,0.20%,0.20%,2026-02-10,50.51081984710694,2026-02-12,46.47999954223633,2,close_below_ma25,-7.98%,-8.18%
INTC,政策/AI觀察,波段,2026-02-10,base_60d,0.20%,0.20%,2026-02-11,48.20622061157226,2026-02-12,46.47999954223633,1,close_below_ma25,-3.58%,-3.78%
INTC,政策/AI觀察,波段,2026-02-10,risk_30d,0.20%,0.20%,2026-02-11,48.20622061157226,2026-02-20,44.11000061035156,6,risk_stop,-8.50%,-8.70%
INTC,政策/AI觀察,波段,2026-02-10,trend_60d,0.20%,0.20%,2026-02-11,48.20622061157226,2026-02-12,46.47999954223633,1,close_below_ma25,-3.58%,-3.78%
INTC,政策/AI觀察,波段,2026-02-11,base_60d,0.20%,0.20%,2026-02-12,47.89559923553467,2026-02-13,46.790000915527344,1,close_below_ma25,-2.31%,-2.51%
INTC,政策/AI觀察,波段,2026-02-11,risk_30d,0.20%,0.20%,2026-02-12,47.89559923553467,2026-02-23,43.630001068115234,6,risk_stop,-8.91%,-9.11%
INTC,政策/AI觀察,波段,2026-02-11,trend_60d,0.20%,0.20%,2026-02-12,47.89559923553467,2026-02-13,46.790000915527344,1,close_below_ma25,-2.31%,-2.51%
INTC,政策/AI觀察,縮量黑馬,2026-02-12,base_60d,0.20%,0.20%,2026-02-13,45.85151831817627,2026-02-17,46.18000030517578,1,close_below_ma25,0.72%,0.52%
INTC,政策/AI觀察,縮量黑馬,2026-02-12,risk_30d,0.20%,0.20%,2026-02-13,45.85151831817627,2026-03-30,41.189998626708984,30,risk_stop,-10.17%,-10.37%
INTC,政策/AI觀察,縮量黑馬,2026-02-12,trend_60d,0.20%,0.20%,2026-02-13,45.85151831817627,2026-02-17,46.18000030517578,1,close_below_ma25,0.72%,0.52%
INTC,政策/AI觀察,縮量黑馬,2026-02-13,base_60d,0.20%,0.20%,2026-02-17,46.021860305786134,2026-02-18,45.459999084472656,1,close_below_ma25,-1.22%,-1.42%
INTC,政策/AI觀察,縮量黑馬,2026-02-13,risk_30d,0.20%,0.20%,2026-02-17,46.021860305786134,2026-03-30,41.189998626708984,29,risk_stop,-10.50%,-10.70%
INTC,政策/AI觀察,縮量黑馬,2026-02-13,trend_60d,0.20%,0.20%,2026-02-17,46.021860305786134,2026-02-18,45.459999084472656,1,close_below_ma25,-1.22%,-1.42%
INTC,政策/AI觀察,縮量黑馬,2026-02-17,base_60d,0.20%,0.20%,2026-02-18,46.0118381652832,2026-02-19,44.619998931884766,1,close_below_ma25,-3.02%,-3.22%
INTC,政策/AI觀察,縮量黑馬,2026-02-17,risk_30d,0.20%,0.20%,2026-02-18,46.0118381652832,2026-03-30,41.189998626708984,28,risk_stop,-10.48%,-10.68%
INTC,政策/AI觀察,縮量黑馬,2026-02-17,trend_60d,0.20%,0.20%,2026-02-18,46.0118381652832,2026-02-19,44.619998931884766,1,close_below_ma25,-3.02%,-3.22%
INTC,政策/AI觀察,縮量黑馬,2026-02-18,base_60d,0.20%,0.20%,2026-02-19,45.03990076446533,2026-02-20,44.11000061035156,1,close_below_ma25,-2.06%,-2.26%
INTC,政策/AI觀察,縮量黑馬,2026-02-18,risk_30d,0.20%,0.20%,2026-02-19,45.03990076446533,2026-03-30,41.189998626708984,27,risk_stop,-8.55%,-8.75%
INTC,政策/AI觀察,縮量黑馬,2026-02-18,trend_60d,0.20%,0.20%,2026-02-19,45.03990076446533,2026-02-20,44.11000061035156,1,close_below_ma25,-2.06%,-2.26%
INTC,政策/AI觀察,弱量續攻,2026-04-02,base_60d,0.20%,0.20%,2026-04-06,50.981761070251466,2026-04-16,68.5,8,volume_weak,34.36%,34.16%
INTC,政策/AI觀察,弱量續攻,2026-04-02,risk_30d,0.20%,0.20%,2026-04-06,50.981761070251466,2026-04-08,58.95000076293945,2,target_reached,15.63%,15.43%
INTC,政策/AI觀察,弱量續攻,2026-04-02,trend_60d,0.20%,0.20%,2026-04-06,50.981761070251466,2026-05-15,108.7699966430664,29,atr_trail,113.35%,113.15%
INTC,政策/AI觀察,弱量續攻,2026-04-06,base_60d,0.20%,0.20%,2026-04-07,52.01381984710693,2026-04-16,68.5,7,volume_weak,31.70%,31.50%
INTC,政策/AI觀察,弱量續攻,2026-04-06,risk_30d,0.20%,0.20%,2026-04-07,52.01381984710693,2026-04-09,61.720001220703125,2,target_reached,18.66%,18.46%
INTC,政策/AI觀察,弱量續攻,2026-04-06,trend_60d,0.20%,0.20%,2026-04-07,52.01381984710693,2026-05-15,108.7699966430664,28,atr_trail,109.12%,108.92%
INTC,政策/AI觀察,沖量,2026-04-07,base_60d,0.20%,0.20%,2026-04-08,55.48073892974853,2026-04-16,68.5,6,volume_weak,23.47%,23.27%
INTC,政策/AI觀察,沖量,2026-04-07,risk_30d,0.20%,0.20%,2026-04-08,55.48073892974853,2026-04-13,65.18000030517578,3,target_reached,17.48%,17.28%
INTC,政策/AI觀察,沖量,2026-04-07,trend_60d,0.20%,0.20%,2026-04-08,55.48073892974853,2026-05-15,108.7699966430664,27,atr_trail,96.05%,95.85%
INTC,政策/AI觀察,弱量續攻,2026-04-16,base_60d,0.20%,0.20%,2026-04-17,68.98769847106934,2026-05-27,121.7699966430664,27,volume_weak,76.51%,76.31%
INTC,政策/AI觀察,弱量續攻,2026-04-16,risk_30d,0.20%,0.20%,2026-04-17,68.98769847106934,2026-04-24,82.54000091552734,5,target_reached,19.64%,19.44%
INTC,政策/AI觀察,弱量續攻,2026-04-16,trend_60d,0.20%,0.20%,2026-04-17,68.98769847106934,2026-05-15,108.7699966430664,20,atr_trail,57.67%,57.47%
INTC,政策/AI觀察,沖量,2026-04-17,base_60d,0.20%,0.20%,2026-04-20,68.58689694213867,2026-05-27,121.7699966430664,26,volume_weak,77.54%,77.34%
INTC,政策/AI觀察,沖量,2026-04-17,risk_30d,0.20%,0.20%,2026-04-20,68.58689694213867,2026-04-24,82.54000091552734,4,target_reached,20.34%,20.14%
INTC,政策/AI觀察,沖量,2026-04-17,trend_60d,0.20%,0.20%,2026-04-20,68.58689694213867,2026-05-15,108.7699966430664,19,atr_trail,58.59%,58.39%
INTC,政策/AI觀察,弱量續攻,2026-05-27,base_60d,0.20%,0.20%,2026-05-28,121.69289694213867,2026-05-29,114.68000030517578,1,volume_weak,-5.76%,-5.96%
INTC,政策/AI觀察,弱量續攻,2026-05-27,risk_30d,0.20%,0.20%,2026-05-28,121.69289694213867,2026-06-01,109.33000183105469,2,risk_stop,-10.16%,-10.36%
INTC,政策/AI觀察,弱量續攻,2026-05-27,trend_60d,0.20%,0.20%,2026-05-28,121.69289694213867,2026-06-01,109.33000183105469,2,close_below_ma25,-10.16%,-10.36%
INTC,政策/AI觀察,弱量續攻,2026-05-28,base_60d,0.20%,0.20%,2026-05-29,124.09769847106934,2026-06-01,109.33000183105469,1,close_below_ma25,-11.90%,-12.10%
INTC,政策/AI觀察,弱量續攻,2026-05-28,risk_30d,0.20%,0.20%,2026-05-29,124.09769847106934,2026-06-01,109.33000183105469,1,risk_stop,-11.90%,-12.10%
INTC,政策/AI觀察,弱量續攻,2026-05-28,trend_60d,0.20%,0.20%,2026-05-29,124.09769847106934,2026-06-01,109.33000183105469,1,close_below_ma25,-11.90%,-12.10%
INTC,政策/AI觀察,波段,2026-06-01,base_60d,0.20%,0.20%,2026-06-02,107.66489694213867,2026-06-03,112.70999908447266,1,close_below_ma25,4.69%,4.49%
INTC,政策/AI觀察,波段,2026-06-01,risk_30d,0.20%,0.20%,2026-06-02,107.66489694213867,2026-06-12,124.56999969482422,8,target_reached,15.70%,15.50%
INTC,政策/AI觀察,波段,2026-06-01,trend_60d,0.20%,0.20%,2026-06-02,107.66489694213867,2026-06-03,112.70999908447266,1,close_below_ma25,4.69%,4.49%
INTC,政策/AI觀察,波段,2026-06-02,base_60d,0.20%,0.20%,2026-06-03,116.6528381652832,2026-06-04,111.77999877929688,1,close_below_ma25,-4.18%,-4.38%
INTC,政策/AI觀察,波段,2026-06-02,risk_30d,0.20%,0.20%,2026-06-03,116.6528381652832,2026-06-05,99.16999816894531,2,risk_stop,-14.99%,-15.19%
INTC,政策/AI觀察,波段,2026-06-02,trend_60d,0.20%,0.20%,2026-06-03,116.6528381652832,2026-06-04,111.77999877929688,1,close_below_ma25,-4.18%,-4.38%
INTC,政策/AI觀察,波段,2026-06-03,base_60d,0.20%,0.20%,2026-06-04,108.61680152893067,2026-06-05,99.16999816894531,1,close_below_ma25,-8.70%,-8.90%
INTC,政策/AI觀察,波段,2026-06-03,risk_30d,0.20%,0.20%,2026-06-04,108.61680152893067,2026-06-05,99.16999816894531,1,risk_stop,-8.70%,-8.90%
INTC,政策/AI觀察,波段,2026-06-03,trend_60d,0.20%,0.20%,2026-06-04,108.61680152893067,2026-06-05,99.16999816894531,1,close_below_ma25,-8.70%,-8.90%
INTC,政策/AI觀察,縮量黑馬,2026-06-04,base_60d,0.20%,0.20%,2026-06-05,106.69296336364746,2026-06-08,110.2699966430664,1,close_below_ma25,3.35%,3.15%
INTC,政策/AI觀察,縮量黑馬,2026-06-04,risk_30d,0.20%,0.20%,2026-06-05,106.69296336364746,2026-06-12,124.56999969482422,5,target_reached,16.76%,16.56%
INTC,政策/AI觀察,縮量黑馬,2026-06-04,trend_60d,0.20%,0.20%,2026-06-05,106.69296336364746,2026-06-08,110.2699966430664,1,close_below_ma25,3.35%,3.15%
INTC,政策/AI觀察,弱量續攻,2026-06-08,base_60d,0.20%,0.20%,2026-06-09,113.21597785949707,2026-06-10,107.04000091552734,1,close_below_ma25,-5.46%,-5.66%
INTC,政策/AI觀察,弱量續攻,2026-06-08,risk_30d,0.20%,0.20%,2026-06-09,113.21597785949707,2026-06-18,133.99000549316406,7,target_reached,18.35%,18.15%
INTC,政策/AI觀察,弱量續攻,2026-06-08,trend_60d,0.20%,0.20%,2026-06-09,113.21597785949707,2026-06-10,107.04000091552734,1,close_below_ma25,-5.46%,-5.66%
INTC,政策/AI觀察,弱量續攻,2026-06-10,base_60d,0.20%,0.20%,2026-06-11,113.74703663635253,2026-06-26,128.32000732421875,10,volume_weak,12.81%,12.61%
INTC,政策/AI觀察,弱量續攻,2026-06-10,risk_30d,0.20%,0.20%,2026-06-11,113.74703663635253,2026-06-18,133.99000549316406,5,target_reached,17.80%,17.60%
INTC,政策/AI觀察,弱量續攻,2026-06-10,trend_60d,0.20%,0.20%,2026-06-11,113.74703663635253,2026-07-02,120.3499984741211,14,close_below_ma25,5.80%,5.60%
INTC,政策/AI觀察,沖量,2026-06-11,base_60d,0.20%,0.20%,2026-06-12,117.65483816528321,2026-06-26,128.32000732421875,9,volume_weak,9.06%,8.86%
INTC,政策/AI觀察,沖量,2026-06-11,risk_30d,0.20%,0.20%,2026-06-12,117.65483816528321,2026-06-22,140.94000244140625,5,target_reached,19.79%,19.59%
INTC,政策/AI觀察,沖量,2026-06-11,trend_60d,0.20%,0.20%,2026-06-12,117.65483816528321,2026-07-02,120.3499984741211,13,close_below_ma25,2.29%,2.09%
INTC,政策/AI觀察,波段,2026-06-12,base_60d,0.20%,0.20%,2026-06-15,129.7489855041504,2026-06-26,128.32000732421875,8,volume_weak,-1.10%,-1.30%
INTC,政策/AI觀察,波段,2026-06-12,risk_30d,0.20%,0.20%,2026-06-15,129.7489855041504,2026-06-16,117.05000305175781,1,risk_stop,-9.79%,-9.99%
INTC,政策/AI觀察,波段,2026-06-12,trend_60d,0.20%,0.20%,2026-06-15,129.7489855041504,2026-07-02,120.3499984741211,12,close_below_ma25,-7.24%,-7.44%
INTC,政策/AI觀察,波段,2026-06-15,base_60d,0.20%,0.20%,2026-06-16,125.36022061157226,2026-06-26,128.32000732421875,7,volume_weak,2.36%,2.16%
INTC,政策/AI觀察,波段,2026-06-15,risk_30d,0.20%,0.20%,2026-06-16,125.36022061157226,2026-07-06,122.19999694824219,12,max_30d,-2.52%,-2.72%
INTC,政策/AI觀察,波段,2026-06-15,trend_60d,0.20%,0.20%,2026-06-16,125.36022061157226,2026-07-02,120.3499984741211,11,close_below_ma25,-4.00%,-4.20%
INTC,政策/AI觀察,波段,2026-06-16,base_60d,0.20%,0.20%,2026-06-17,122.09369847106933,2026-06-26,128.32000732421875,6,volume_weak,5.10%,4.90%
INTC,政策/AI觀察,波段,2026-06-16,risk_30d,0.20%,0.20%,2026-06-17,122.09369847106933,2026-06-22,140.94000244140625,2,target_reached,15.44%,15.24%
INTC,政策/AI觀察,波段,2026-06-16,trend_60d,0.20%,0.20%,2026-06-17,122.09369847106933,2026-07-02,120.3499984741211,10,close_below_ma25,-1.43%,-1.63%
INTC,政策/AI觀察,波段,2026-06-17,base_60d,0.20%,0.20%,2026-06-18,132.07361755371093,2026-06-26,128.32000732421875,5,volume_weak,-2.84%,-3.04%
INTC,政策/AI觀察,波段,2026-06-17,risk_30d,0.20%,0.20%,2026-06-18,132.07361755371093,2026-07-02,120.3499984741211,9,risk_stop,-8.88%,-9.08%
INTC,政策/AI觀察,波段,2026-06-17,trend_60d,0.20%,0.20%,2026-06-18,132.07361755371093,2026-07-02,120.3499984741211,9,close_below_ma25,-8.88%,-9.08%
INTC,政策/AI觀察,波段,2026-06-23,base_60d,0.20%,0.20%,2026-06-24,133.31610305786134,2026-06-26,128.32000732421875,2,volume_weak,-3.75%,-3.95%
INTC,政策/AI觀察,波段,2026-06-23,risk_30d,0.20%,0.20%,2026-06-24,133.31610305786134,2026-07-02,120.3499984741211,6,risk_stop,-9.73%,-9.93%
INTC,政策/AI觀察,波段,2026-06-23,trend_60d,0.20%,0.20%,2026-06-24,133.31610305786134,2026-07-02,120.3499984741211,6,close_below_ma25,-9.73%,-9.93%
INTC,政策/AI觀察,波段,2026-06-24,base_60d,0.20%,0.20%,2026-06-25,140.00945571899413,2026-06-26,128.32000732421875,1,volume_weak,-8.35%,-8.55%
INTC,政策/AI觀察,波段,2026-06-24,risk_30d,0.20%,0.20%,2026-06-25,140.00945571899413,2026-06-26,128.32000732421875,1,risk_stop,-8.35%,-8.55%
INTC,政策/AI觀察,波段,2026-06-24,trend_60d,0.20%,0.20%,2026-06-25,140.00945571899413,2026-07-02,120.3499984741211,5,close_below_ma25,-14.04%,-14.24%
INTC,政策/AI觀察,波段,2026-06-25,base_60d,0.20%,0.20%,2026-06-26,128.96742672729494,2026-06-29,131.72000122070312,1,volume_weak,2.13%,1.93%
INTC,政策/AI觀察,波段,2026-06-25,risk_30d,0.20%,0.20%,2026-06-26,128.96742672729494,2026-07-06,122.19999694824219,5,max_30d,-5.25%,-5.45%
INTC,政策/AI觀察,波段,2026-06-25,trend_60d,0.20%,0.20%,2026-06-26,128.96742672729494,2026-07-02,120.3499984741211,4,close_below_ma25,-6.68%,-6.88%
INTC,政策/AI觀察,弱量續攻,2026-06-29,base_60d,0.20%,0.20%,2026-06-30,132.2539855041504,2026-07-01,127.0199966430664,1,volume_weak,-3.96%,-4.16%
INTC,政策/AI觀察,弱量續攻,2026-06-29,risk_30d,0.20%,0.20%,2026-06-30,132.2539855041504,2026-07-02,120.3499984741211,2,risk_stop,-9.00%,-9.20%
INTC,政策/AI觀察,弱量續攻,2026-06-29,trend_60d,0.20%,0.20%,2026-06-30,132.2539855041504,2026-07-02,120.3499984741211,2,close_below_ma25,-9.00%,-9.20%
INTC,政策/AI觀察,弱量續攻,2026-06-30,base_60d,0.20%,0.20%,2026-07-01,135.27,2026-07-02,120.3499984741211,1,close_below_ma25,-11.03%,-11.23%
INTC,政策/AI觀察,弱量續攻,2026-06-30,risk_30d,0.20%,0.20%,2026-07-01,135.27,2026-07-02,120.3499984741211,1,risk_stop,-11.03%,-11.23%
INTC,政策/AI觀察,弱量續攻,2026-06-30,trend_60d,0.20%,0.20%,2026-07-01,135.27,2026-07-02,120.3499984741211,1,close_below_ma25,-11.03%,-11.23%
