ticker,industry,pattern,date,close,ma25,vol5,vol60,above_ma200,ret_5d,ret_10d,ret_20d,ret_30d,ret_60d
INTC,政策/AI觀察,弱量續攻,2024-06-24,30.37729835510254,30.59670684814453,48952660.0,49349796.666666664,False,0.88%,13.15%,7.79%,-35.13%,-31.63%
INTC,政策/AI觀察,弱量續攻,2024-07-02,30.874147415161133,30.471898727416992,34159220.0,47235901.666666664,False,12.23%,10.91%,-1.06%,-35.48%,-22.52%
INTC,政策/AI觀察,弱量續攻,2024-07-03,31.033138275146484,30.478655853271484,32823760.0,46687533.333333336,False,7.27%,11.66%,-6.98%,-33.33%,-22.95%
INTC,政策/AI觀察,弱量續攻,2024-07-05,31.818159103393555,30.553779373168947,35848780.0,46131495.0,False,7.71%,3.00%,-32.92%,-34.41%,-26.27%
INTC,政策/AI觀察,弱量續攻,2024-07-08,33.77574157714844,30.704821243286133,44018420.0,46651620.0,False,1.38%,-1.82%,-40.84%,-36.29%,-32.82%
INTC,政策/AI觀察,沖量,2024-07-09,34.3719596862793,30.853478240966798,57047440.0,47578916.666666664,False,-0.72%,-4.74%,-42.67%,-38.93%,-34.86%
INTC,政策/AI觀察,波段,2024-07-19,32.7721061706543,32.010935592651364,66875860.0,49474016.666666664,False,-4.94%,-34.87%,-36.32%,-32.75%,-28.48%
INTC,政策/AI觀察,波段,2024-07-22,33.15964889526367,32.12660186767578,68607020.0,49394726.666666664,False,-7.61%,-39.74%,-35.10%,-39.38%,-31.66%
INTC,政策/AI觀察,波段,2024-07-23,32.7422981262207,32.22597152709961,68818320.0,48776676.666666664,False,-8.56%,-39.82%,-35.89%,-40.66%,-31.86%
INTC,政策/AI觀察,波段,2024-07-24,31.50017547607422,32.25458999633789,58800820.0,47817913.333333336,False,-3.03%,-39.71%,-32.03%,-38.41%,-28.76%
INTC,政策/AI觀察,波段,2024-07-25,30.90395736694336,32.273271484375,51917900.0,47671925.0,False,-6.59%,-33.70%,-34.96%,-38.88%,-26.32%
INTC,政策/AI觀察,沖量,2024-09-16,20.90999984741211,20.131600036621094,74423660.0,70984390.0,False,7.89%,12.20%,12.10%,9.61%,-3.59%
INTC,政策/AI觀察,波段,2024-09-17,21.469999313354492,20.21599998474121,102549360.0,72741966.66666667,False,6.24%,5.68%,5.54%,6.66%,-6.29%
INTC,政策/AI觀察,波段,2024-09-18,20.770000457763672,20.228000030517578,112014320.0,74043901.66666667,False,13.34%,7.80%,7.41%,7.37%,0.05%
INTC,政策/AI觀察,波段,2024-09-19,21.139999389648438,20.276800003051758,121676040.0,75218995.0,False,13.15%,5.30%,6.15%,1.80%,-3.78%
INTC,政策/AI觀察,波段,2024-09-20,21.84000015258789,20.32279998779297,164904360.0,79046243.33333333,False,9.48%,3.43%,4.26%,6.23%,-4.62%
INTC,政策/AI觀察,波段,2024-10-01,22.690000534057617,21.015999908447267,90193240.0,86658638.33333333,False,2.78%,-0.13%,0.93%,6.48%,-9.92%
INTC,政策/AI觀察,弱量續攻,2024-10-08,23.31999969482422,21.455599822998046,54404900.0,86064758.33333333,False,-2.83%,-3.95%,0.00%,3.77%,-11.84%
INTC,政策/AI觀察,弱量續攻,2024-10-09,23.459999084472656,21.616799774169923,51549920.0,86337243.33333333,False,-4.90%,-6.31%,6.78%,2.34%,-15.30%
INTC,政策/AI觀察,弱量續攻,2024-10-10,23.219999313354492,21.76959976196289,50611660.0,85213416.66666667,False,-3.36%,-3.79%,12.96%,5.25%,-13.82%
INTC,政策/AI觀察,弱量續攻,2024-10-11,23.559999465942383,21.95639976501465,49359620.0,84536695.0,False,-3.35%,-3.74%,11.21%,3.99%,-15.62%
INTC,政策/AI觀察,弱量續攻,2024-10-14,23.440000534057617,22.131199798583985,45454600.0,83966276.66666667,False,-2.56%,-2.22%,6.87%,6.10%,-18.30%
INTC,政策/AI觀察,弱量續攻,2024-10-18,22.770000457763672,22.632799835205077,50047060.0,84380791.66666667,False,-0.40%,1.89%,6.94%,5.09%,-13.61%
INTC,政策/AI觀察,弱量續攻,2024-10-21,22.84000015258789,22.70999984741211,50911740.0,84403700.0,False,0.35%,-1.40%,8.76%,-1.62%,-5.91%
INTC,政策/AI觀察,弱量續攻,2024-10-25,22.68000030517578,22.87719985961914,48748780.0,83730950.0,False,2.29%,15.52%,8.02%,-8.25%,-8.16%
INTC,政策/AI觀察,弱量續攻,2024-10-28,22.920000076293945,22.8915998840332,49186380.0,79414601.66666667,False,-1.75%,9.29%,8.51%,-12.04%,-11.47%
INTC,政策/AI觀察,弱量續攻,2024-10-29,22.899999618530273,22.89519989013672,55838740.0,78348543.33333333,False,1.83%,5.50%,5.02%,-12.14%,-13.54%
INTC,政策/AI觀察,弱量續攻,2024-10-30,22.299999237060547,22.845599822998047,56867160.0,77419723.33333333,False,12.33%,11.75%,6.05%,-6.82%,-11.43%
INTC,政策/AI觀察,波段,2024-11-12,24.15999984741211,23.258799896240234,87480560.0,80880130.0,False,0.17%,-0.46%,-16.72%,-15.40%,-13.20%
INTC,政策/AI觀察,弱量續攻,2024-11-15,24.350000381469727,23.42120002746582,61056800.0,79878865.0,False,0.62%,-1.72%,-14.46%,-17.66%,-3.08%
INTC,政策/AI觀察,弱量續攻,2024-11-19,24.200000762939453,23.538800048828126,56667880.0,79692985.0,False,-0.62%,-9.26%,-20.25%,-15.04%,6.28%
INTC,政策/AI觀察,弱量續攻,2024-11-22,24.5,23.756000061035156,53337000.0,79482451.66666667,False,-2.33%,-15.06%,-17.55%,-18.86%,-0.94%
INTC,政策/AI觀察,弱量續攻,2024-11-25,24.8700008392334,23.83720008850098,59644780.0,78038168.33333333,False,-9.65%,-18.94%,-17.97%,-23.00%,-7.56%
INTC,政策/AI觀察,波段,2024-12-02,23.93000030517578,24.08840003967285,80369800.0,77229300.0,False,-13.04%,-12.95%,-16.21%,-17.80%,-4.97%
INTC,政策/AI觀察,波段,2025-01-24,20.829999923706055,20.181199951171877,89159500.0,73495003.33333333,False,-6.72%,-8.31%,16.51%,-4.32%,-6.34%
INTC,政策/AI觀察,波段,2025-01-30,20.010000228881836,20.242399978637696,83593580.0,74543393.33333333,False,-3.15%,20.59%,18.59%,20.19%,2.50%
INTC,政策/AI觀察,波段,2025-01-31,19.43000030517578,20.21159996032715,93749800.0,73603570.0,False,-1.70%,21.46%,17.04%,32.22%,4.68%
INTC,政策/AI觀察,波段,2025-02-03,19.3799991607666,20.1707999420166,92538000.0,73485350.0,False,2.01%,41.33%,10.06%,33.75%,3.72%
INTC,政策/AI觀察,波段,2025-02-25,22.989999771118164,21.775599975585937,117739360.0,89244753.33333333,False,-7.22%,-13.96%,5.26%,-21.14%,-10.00%
INTC,政策/AI觀察,波段,2025-02-26,23.520000457763672,21.845599975585937,100852880.0,89208681.66666667,False,-11.52%,-12.07%,-0.43%,-8.46%,-12.63%
INTC,政策/AI觀察,波段,2025-02-27,23.09000015258789,21.894799957275392,91439340.0,89940008.33333333,False,-10.13%,2.64%,2.30%,-13.90%,-13.17%
INTC,政策/AI觀察,弱量續攻,2025-02-28,23.729999542236328,21.981199951171874,89939920.0,91065291.66666667,False,-13.02%,1.35%,-4.30%,-16.81%,-13.40%
INTC,政策/AI觀察,沖量,2025-03-03,22.739999771118164,22.05759994506836,99938040.0,90912805.0,False,-12.36%,12.97%,-0.13%,-10.69%,-10.42%
INTC,政策/AI觀察,波段,2025-03-04,21.329999923706055,22.09919990539551,112597180.0,91146500.0,False,-7.27%,21.52%,3.38%,-6.94%,-5.06%
INTC,政策/AI觀察,波段,2025-03-05,20.809999465942383,22.139599914550782,124551180.0,91522671.66666667,False,-0.62%,15.91%,5.62%,-7.59%,-6.05%
INTC,政策/AI觀察,波段,2025-03-06,20.75,22.17959991455078,124270080.0,90330553.33333333,False,14.22%,15.47%,8.10%,-8.77%,-4.87%
INTC,政策/AI觀察,波段,2025-03-07,20.639999389648438,22.204799880981444,119663240.0,90373228.33333333,False,16.52%,17.54%,-3.83%,-8.72%,-1.70%
INTC,政策/AI觀察,波段,2025-03-12,20.68000030517578,22.29639991760254,93957340.0,91343035.0,False,16.63%,13.25%,4.11%,3.92%,-3.00%
INTC,政策/AI觀察,波段,2025-03-13,23.700000762939453,22.458399963378906,123316260.0,94102468.33333333,False,1.10%,-0.34%,-16.12%,-15.40%,-13.59%
INTC,政策/AI觀察,波段,2025-03-14,24.049999237060547,22.645199966430663,130476660.0,95132426.66666667,True,0.87%,-5.57%,-17.92%,-14.72%,-8.19%
INTC,政策/AI觀察,波段,2025-03-19,24.1200008392334,23.280800018310547,157773280.0,98750135.0,True,-2.90%,-8.87%,-20.27%,-17.16%,-16.50%
INTC,政策/AI觀察,縮量黑馬,2025-03-20,23.959999084472656,23.34,122908600.0,98747131.66666667,True,-1.42%,-6.39%,-20.99%,-13.94%,-13.44%
INTC,政策/AI觀察,波段,2025-03-21,24.260000228881836,23.34520004272461,118350420.0,98508081.66666667,True,-6.39%,-18.18%,-22.34%,-16.45%,-14.26%
INTC,政策/AI觀察,縮量黑馬,2025-03-24,24.219999313354492,23.37,100039500.0,98694425.0,True,-6.23%,-19.20%,-19.45%,-17.67%,-11.27%
INTC,政策/AI觀察,弱量續攻,2025-03-25,24.200000762939453,23.24240005493164,83890400.0,99058746.66666667,True,-8.88%,-25.08%,-14.92%,-16.07%,-12.89%
INTC,政策/AI觀察,波段,2025-04-15,19.850000381469727,22.343199920654296,129539100.0,112623455.0,False,3.73%,1.26%,8.41%,2.02%,17.38%
INTC,政策/AI觀察,弱量續攻,2025-05-13,22.559999465942383,20.292399978637697,71170400.0,105957911.66666667,True,-5.72%,-9.71%,-8.33%,-0.27%,-11.57%
INTC,政策/AI觀察,弱量續攻,2025-05-14,21.520000457763672,20.428000030517577,77286840.0,102746121.66666667,False,-3.86%,-5.90%,-3.49%,5.44%,-4.04%
INTC,政策/AI觀察,弱量續攻,2025-05-15,21.549999237060547,20.42879997253418,76297600.0,101326518.33333333,False,-4.64%,-9.28%,-6.54%,3.94%,1.21%
INTC,政策/AI觀察,弱量續攻,2025-05-16,21.65999984741211,20.5,77102900.0,99840776.66666667,False,-7.43%,-8.86%,-4.25%,5.49%,2.59%
INTC,政策/AI觀察,弱量續攻,2025-05-29,20.25,20.824399948120117,61251380.0,93625388.33333333,False,-1.28%,2.57%,12.05%,15.06%,21.23%
INTC,政策/AI觀察,弱量續攻,2025-06-06,20.059999465942383,20.7207999420166,72397020.0,91613071.66666667,False,0.40%,5.63%,17.60%,15.85%,19.64%
INTC,政策/AI觀察,弱量續攻,2025-06-09,20.479999542236328,20.71519989013672,77398700.0,89106953.33333333,False,1.27%,10.11%,14.45%,14.70%,20.17%
INTC,政策/AI觀察,沖量,2025-06-10,22.079999923706055,20.787599868774414,95609720.0,90016210.0,True,-5.80%,0.54%,7.88%,2.49%,10.91%
INTC,政策/AI觀察,波段,2025-06-11,20.68000030517578,20.81719985961914,110733320.0,89783891.66666667,False,3.92%,8.80%,13.30%,0.10%,18.38%
INTC,政策/AI觀察,波段,2025-06-12,20.770000457763672,20.835599899291992,111876820.0,88878676.66666667,False,1.49%,9.24%,12.18%,-0.43%,17.67%
INTC,政策/AI觀察,波段,2025-06-13,20.139999389648438,20.80119987487793,115393440.0,88081418.33333333,False,5.21%,11.22%,13.80%,1.34%,22.99%
INTC,政策/AI觀察,波段,2025-06-16,20.739999771118164,20.773999862670898,114163680.0,88378210.0,False,8.73%,10.17%,9.40%,-1.93%,18.66%
INTC,政策/AI觀察,弱量續攻,2025-06-27,22.690000534057617,20.841599884033204,87115300.0,92215945.0,True,-3.04%,2.69%,-8.86%,-8.99%,29.31%
INTC,政策/AI觀察,弱量續攻,2025-06-30,22.399999618530273,20.91559989929199,86243580.0,92519671.66666667,True,5.31%,2.32%,-8.88%,-2.63%,39.37%
INTC,政策/AI觀察,弱量續攻,2025-07-01,22.850000381469727,21.02759994506836,75988820.0,89788385.0,True,2.58%,-0.70%,-10.98%,-2.76%,48.75%
INTC,政策/AI觀察,沖量,2025-07-02,21.8799991607666,21.0807999420166,90642860.0,89175561.66666667,True,8.87%,4.20%,-9.51%,9.05%,62.25%
INTC,政策/AI觀察,波段,2025-07-07,22.0,21.23559989929199,87268760.0,86432683.33333333,True,5.91%,5.73%,-11.36%,7.55%,52.50%
INTC,政策/AI觀察,弱量續攻,2025-07-10,23.81999969482422,21.68639991760254,77258840.0,82477996.66666667,True,-4.28%,-5.00%,-17.00%,-1.34%,54.62%
INTC,政策/AI觀察,弱量續攻,2025-07-11,23.43000030517578,21.81359992980957,74897220.0,81601388.33333333,True,-1.41%,-11.65%,-14.85%,5.85%,56.17%
INTC,政策/AI觀察,弱量續攻,2025-07-14,23.299999237060547,21.945999908447266,68436280.0,81340781.66666667,True,-0.17%,-11.24%,-11.37%,5.36%,59.53%
INTC,政策/AI觀察,縮量黑馬,2025-07-17,22.799999237060547,22.17759994506836,54427540.0,80121165.0,True,-0.75%,-13.16%,4.65%,9.34%,59.52%
INTC,政策/AI觀察,弱量續攻,2025-07-18,23.100000381469727,22.274399948120116,56593080.0,79734998.33333333,True,-10.39%,-16.41%,6.32%,5.41%,61.13%
INTC,政策/AI觀察,弱量續攻,2025-07-21,23.260000228881836,22.373999938964843,59240580.0,79142830.0,True,-11.09%,-16.17%,1.72%,4.08%,53.18%
INTC,政策/AI觀察,弱量續攻,2025-07-22,23.239999771118164,22.497999954223634,56814660.0,78090890.0,True,-12.18%,-13.12%,8.91%,3.27%,59.85%
INTC,政策/AI觀察,弱量續攻,2025-07-23,23.489999771118164,22.607999954223633,58783820.0,76774231.66666667,True,-13.41%,-13.11%,0.21%,4.77%,56.83%
INTC,政策/AI觀察,波段,2025-08-20,23.540000915527344,21.80759994506836,233907560.0,101406750.0,True,5.56%,4.55%,29.86%,58.45%,52.55%
INTC,政策/AI觀察,波段,2025-08-21,23.5,21.835599975585936,215840720.0,101876978.33333333,True,6.09%,4.21%,25.87%,56.72%,51.15%
INTC,政策/AI觀察,縮量黑馬,2025-09-02,24.209999084472656,22.433199920654296,70184780.0,105032868.33333333,True,0.95%,4.38%,38.58%,47.17%,48.00%
INTC,政策/AI觀察,縮量黑馬,2025-09-03,24.0,22.57679992675781,64037720.0,104662036.66666667,True,3.21%,3.75%,49.75%,54.79%,53.38%
INTC,政策/AI觀察,弱量續攻,2025-09-04,24.610000610351562,22.74759994506836,57662140.0,104098080.0,True,0.00%,24.22%,51.56%,49.70%,64.81%
INTC,政策/AI觀察,弱量續攻,2025-09-05,24.489999771118164,22.935199966430662,56850180.0,102173385.0,True,-1.67%,20.78%,50.39%,51.12%,63.37%
INTC,政策/AI觀察,弱量續攻,2025-09-08,24.479999542236328,23.141999969482423,54327720.0,100579011.66666667,True,1.18%,17.48%,49.47%,55.64%,77.57%
INTC,政策/AI觀察,弱量續攻,2025-09-09,24.440000534057617,23.339599990844725,51224600.0,99978516.66666667,True,3.40%,20.05%,52.09%,55.97%,79.05%
INTC,政策/AI觀察,弱量續攻,2025-09-10,24.770000457763672,23.52279998779297,53980160.0,99544263.33333333,True,0.52%,26.04%,51.11%,49.05%,63.50%
INTC,政策/AI觀察,弱量續攻,2025-09-11,24.610000610351562,23.690800018310547,53276240.0,99024126.66666667,True,24.22%,38.11%,53.60%,55.06%,68.26%
INTC,政策/AI觀察,弱量續攻,2025-09-15,24.770000457763672,24.05599998474121,59181640.0,98272653.33333333,True,16.11%,39.20%,50.26%,59.63%,63.50%
INTC,政策/AI觀察,弱量續攻,2025-09-16,25.270000457763672,24.240800018310548,62819720.0,97053716.66666667,True,16.11%,32.77%,41.00%,64.35%,61.38%
INTC,政策/AI觀察,弱量續攻,2025-09-17,24.899999618530273,24.364400024414063,63118320.0,96747595.0,True,25.38%,44.34%,49.20%,66.02%,58.67%
INTC,政策/AI觀察,沖量,2025-09-18,30.56999969482422,24.69840003967285,156792540.0,103306583.33333333,True,11.19%,22.02%,20.51%,31.37%,23.68%
INTC,政策/AI觀察,弱量續攻,2025-10-08,37.43000030517578,30.186800003051758,120229880.0,123038890.0,True,-0.75%,-1.36%,2.54%,-6.20%,5.18%
INTC,政策/AI觀察,弱量續攻,2025-10-09,37.79999923706055,30.714399948120118,108334480.0,123555870.0,True,-2.54%,0.95%,-1.48%,-11.06%,5.93%
INTC,政策/AI觀察,弱量續攻,2025-10-13,37.220001220703125,31.699199981689453,118262200.0,126514276.66666667,True,2.36%,6.23%,3.30%,-3.84%,10.45%
INTC,政策/AI觀察,弱量續攻,2025-10-15,37.150001525878906,32.64200004577637,118823940.0,128206330.0,True,-0.62%,11.28%,1.99%,-0.92%,18.60%
INTC,政策/AI觀察,弱量續攻,2025-10-17,37.0099983215332,33.64839996337891,104784840.0,128240955.0,True,3.43%,8.05%,-4.03%,8.11%,31.64%
INTC,政策/AI觀察,弱量續攻,2025-10-20,38.099998474121094,34.181599884033204,100026740.0,125493496.66666667,True,3.78%,3.67%,-8.90%,14.09%,26.82%
INTC,政策/AI觀察,弱量續攻,2025-10-21,38.119998931884766,34.69559982299805,91072060.0,125277318.33333333,True,8.95%,-2.86%,-9.94%,14.80%,23.19%
INTC,政策/AI觀察,弱量續攻,2025-10-23,38.15999984741211,35.479999771118166,96366780.0,125957690.0,True,5.24%,-2.41%,-11.90%,8.52%,42.16%
INTC,政策/AI觀察,弱量續攻,2025-10-24,38.279998779296875,35.8279997253418,121763840.0,128552936.66666667,True,4.47%,-0.39%,-9.87%,5.28%,41.90%
INTC,政策/AI觀察,沖量,2025-10-27,39.540000915527344,36.25919975280762,137719320.0,129778128.33333333,True,-0.10%,-2.76%,-9.48%,2.43%,13.99%
INTC,政策/AI觀察,波段,2025-10-30,40.15999984741211,37.398399658203125,155892480.0,132101678.33333333,True,-7.27%,-10.58%,1.00%,-5.85%,21.46%
INTC,政策/AI觀察,弱量續攻,2025-10-31,39.9900016784668,37.5779997253418,122710760.0,131253155.0,True,-4.65%,-11.18%,0.05%,-6.20%,21.68%
INTC,政策/AI觀察,縮量黑馬,2025-11-03,39.5,37.77879974365234,102962740.0,131017363.33333333,True,-2.66%,-12.13%,10.05%,-5.54%,17.65%
INTC,政策/AI觀察,弱量續攻,2025-11-07,38.130001068115234,38.06519989013672,82260140.0,127121648.33333333,True,-6.85%,-9.52%,5.69%,-4.62%,26.51%
INTC,政策/AI觀察,弱量續攻,2025-11-10,38.45000076293945,38.13959991455078,85570700.0,123249301.66666667,True,-9.73%,-6.92%,5.33%,-5.46%,31.57%
INTC,政策/AI觀察,弱量續攻,2025-11-11,37.880001068115234,38.168000030517575,75869020.0,120603073.33333333,True,-9.37%,-5.41%,7.66%,-4.54%,32.63%
INTC,政策/AI觀察,縮量黑馬,2025-11-12,37.88999938964844,38.18639999389649,71717900.0,116540020.0,True,-7.34%,-2.85%,4.28%,-4.46%,24.39%
INTC,政策/AI觀察,弱量續攻,2025-12-01,40.0099983215332,37.590400390625,78181060.0,113735140.0,True,0.72%,-6.25%,-6.77%,21.77%,14.00%
INTC,政策/AI觀察,弱量續攻,2025-12-02,43.470001220703125,37.747600402832035,90861380.0,115669868.33333333,True,-6.83%,-14.17%,-15.11%,11.16%,4.67%
INTC,政策/AI觀察,弱量續攻,2025-12-03,43.7599983215332,37.83680038452148,96812160.0,116500051.66666667,True,-6.81%,-17.62%,-10.01%,7.31%,-1.51%
INTC,政策/AI觀察,弱量續攻,2025-12-04,40.5,37.80320037841797,107469520.0,117270876.66666667,True,-2.44%,-10.42%,-2.79%,19.90%,12.54%
INTC,政策/AI觀察,弱量續攻,2025-12-05,41.40999984741211,37.85320037841797,108918020.0,118062628.33333333,True,-8.69%,-11.08%,-3.31%,31.01%,10.96%
INTC,政策/AI觀察,弱量續攻,2025-12-08,40.29999923706055,37.86560028076172,112801760.0,118750641.66666667,True,-6.92%,-9.75%,5.78%,34.79%,7.74%
INTC,政策/AI觀察,縮量黑馬,2025-12-16,37.310001373291016,38.05320007324219,66849000.0,107230890.0,True,-2.57%,-1.10%,29.51%,24.55%,22.65%
INTC,政策/AI觀察,弱量續攻,2025-12-22,36.369998931884766,37.98599990844727,77931480.0,98632525.0,True,2.56%,17.21%,49.35%,32.64%,20.62%
INTC,政策/AI觀察,弱量續攻,2025-12-23,36.349998474121094,38.0515998840332,75025020.0,96688393.33333333,True,1.51%,13.09%,23.99%,39.17%,21.07%
INTC,政策/AI觀察,弱量續攻,2025-12-24,36.15999984741211,38.1247998046875,71555380.0,95232150.0,True,8.90%,25.97%,17.51%,38.94%,21.85%
INTC,政策/AI觀察,縮量黑馬,2025-12-26,36.20000076293945,38.168399810791016,63417580.0,93000978.33333333,True,8.76%,21.71%,21.35%,30.19%,30.33%
INTC,政策/AI觀察,弱量續攻,2025-12-29,36.68000030517578,38.290799865722654,38385780.0,91145988.33333333,True,9.16%,28.93%,32.99%,31.65%,20.23%
INTC,政策/AI觀察,弱量續攻,2025-12-30,37.29999923706055,38.40279983520508,40435760.0,90088921.66666667,True,14.29%,30.62%,30.46%,24.61%,15.63%
INTC,政策/AI觀察,弱量續攻,2025-12-31,36.900001525878906,38.44719985961914,43549100.0,89079565.0,True,11.41%,30.95%,25.93%,26.80%,11.63%
INTC,政策/AI觀察,弱量續攻,2026-01-02,39.380001068115234,38.58919982910156,55139620.0,88817168.33333333,True,15.67%,19.25%,23.95%,17.27%,12.06%
INTC,政策/AI觀察,弱量續攻,2026-01-05,39.369998931884766,38.691599731445315,68716820.0,88708223.33333333,True,11.91%,23.34%,25.10%,15.47%,22.00%
INTC,政策/AI觀察,弱量續攻,2026-01-06,40.040000915527344,38.67079971313476,74383380.0,88316730.0,True,18.11%,35.49%,21.38%,11.44%,25.82%
INTC,政策/AI觀察,沖量,2026-01-07,42.630001068115234,38.775599822998046,95202000.0,88032815.0,True,14.29%,27.42%,13.16%,3.47%,19.12%
INTC,政策/AI觀察,波段,2026-01-08,41.11000061035156,38.68119979858398,102545460.0,87769836.66666667,True,17.54%,9.63%,23.06%,6.13%,28.70%
INTC,政策/AI觀察,波段,2026-01-23,45.06999969482422,42.029600067138674,196554960.0,96635438.33333333,True,3.11%,12.25%,-3.20%,1.13%,47.02%
INTC,政策/AI觀察,波段,2026-01-26,42.4900016784668,42.287200164794925,200973580.0,96104628.33333333,True,14.87%,18.24%,8.54%,10.10%,53.61%
INTC,政策/AI觀察,波段,2026-01-27,43.93000030517578,42.59320022583008,195309420.0,96352450.0,True,12.11%,7.28%,6.72%,9.22%,52.01%
INTC,政策/AI觀察,波段,2026-01-29,48.65999984741211,43.56320022583008,178433420.0,99034530.0,True,-0.86%,-4.48%,-6.27%,-5.94%,74.66%
INTC,政策/AI觀察,波段,2026-01-30,46.470001220703125,43.96800033569336,142482360.0,99928740.0,True,8.87%,0.69%,-2.09%,-1.53%,81.88%
INTC,政策/AI觀察,波段,2026-02-02,48.810001373291016,44.47400039672851,132883720.0,99914811.66666667,True,2.93%,-5.39%,-11.70%,-9.73%,94.12%
INTC,政策/AI觀察,波段,2026-02-03,49.25,44.996000366210936,132958300.0,100707703.33333333,True,-4.30%,-7.70%,-7.45%,-8.57%,91.84%
INTC,政策/AI觀察,波段,2026-02-04,48.599998474121094,45.47280029296875,118299740.0,101558910.0,True,-0.64%,-8.19%,-5.45%,-4.98%,104.98%
INTC,政策/AI觀察,波段,2026-02-05,48.2400016784668,45.910400390625,116309980.0,101872016.66666667,True,-3.65%,-8.56%,-9.99%,-9.06%,98.55%
INTC,政策/AI觀察,波段,2026-02-06,50.59000015258789,46.458000335693356,116446000.0,102501681.66666667,True,-7.51%,-13.76%,-9.90%,-13.01%,113.78%
INTC,政策/AI觀察,縮量黑馬,2026-02-09,50.2400016784668,46.89240036010742,115131360.0,103186673.33333333,True,-8.08%,-8.20%,-6.89%,-12.30%,124.94%
INTC,政策/AI觀察,波段,2026-02-10,47.130001068115234,47.20280044555664,110656920.0,103952621.66666667,True,-3.54%,-0.53%,1.80%,0.11%,132.59%
INTC,政策/AI觀察,波段,2026-02-11,48.290000915527344,47.53280044555664,106452700.0,104154088.33333333,True,-7.60%,-5.86%,-6.30%,-8.68%,158.69%
INTC,政策/AI觀察,縮量黑馬,2026-02-12,46.47999954223633,47.68680038452148,101255380.0,104430838.33333333,True,-5.10%,-1.87%,-1.53%,-7.21%,178.49%
INTC,政策/AI觀察,縮量黑馬,2026-02-13,46.790000915527344,47.91400039672852,92083420.0,104383510.0,True,-6.75%,-2.76%,-2.20%,-11.97%,157.77%
INTC,政策/AI觀察,縮量黑馬,2026-02-17,46.18000030517578,47.939200439453124,86275580.0,104455133.33333333,True,-0.13%,-6.67%,-4.59%,-4.44%,160.48%
INTC,政策/AI觀察,縮量黑馬,2026-02-18,45.459999084472656,47.99520034790039,79370220.0,104424976.66666667,True,3.12%,0.26%,-0.95%,5.65%,155.02%
INTC,政策/AI觀察,弱量續攻,2026-04-02,50.380001068115234,45.26519989013672,99325160.0,108943316.66666667,True,23.82%,35.97%,97.74%,115.90%,177.15%
INTC,政策/AI觀察,弱量續攻,2026-04-06,50.779998779296875,45.47199981689453,101320480.0,107509156.66666667,True,28.36%,29.38%,88.62%,113.02%,150.14%
INTC,政策/AI觀察,沖量,2026-04-07,52.90999984741211,45.76839981079102,110310040.0,108197520.0,True,20.60%,25.23%,104.40%,109.41%,127.46%
INTC,政策/AI觀察,弱量續攻,2026-04-16,68.5,50.852000122070315,104782260.0,105676883.33333333,True,-2.51%,37.93%,69.24%,67.42%,
INTC,政策/AI觀察,沖量,2026-04-17,68.5,51.782000122070315,108823680.0,103981320.0,True,20.50%,45.43%,58.79%,59.61%,
INTC,政策/AI觀察,弱量續攻,2026-05-27,121.7699966430664,105.6411996459961,110338600.0,120853636.66666667,True,-7.44%,-12.10%,9.12%,,
INTC,政策/AI觀察,弱量續攻,2026-05-28,120.88999938964844,107.86599975585938,96785420.0,121076136.66666667,True,-7.54%,-3.25%,6.15%,,
INTC,政策/AI觀察,波段,2026-06-01,109.33000183105469,110.85359985351562,125077620.0,123604786.66666667,True,0.86%,16.95%,27.71%,,
INTC,政策/AI觀察,波段,2026-06-02,107.93000030517578,111.77119995117188,124711400.0,124132085.0,True,-0.01%,8.45%,17.69%,,
INTC,政策/AI觀察,波段,2026-06-03,112.70999908447266,112.89880004882812,129832500.0,124731941.66666667,True,-5.03%,7.44%,6.78%,,
INTC,政策/AI觀察,縮量黑馬,2026-06-04,111.77999877929688,113.58,125833460.0,124600150.0,True,4.63%,19.87%,9.32%,,
INTC,政策/AI觀察,弱量續攻,2026-06-08,110.2699966430664,114.19359954833985,116954820.0,126676691.66666667,True,15.95%,19.96%,,,
INTC,政策/AI觀察,弱量續攻,2026-06-10,107.04000091552734,114.63479949951171,126357140.0,128171541.66666667,True,13.14%,24.13%,,,
INTC,政策/AI觀察,沖量,2026-06-11,116.95999908447266,114.79279937744141,148578040.0,129827686.66666667,True,14.56%,9.71%,,,
INTC,政策/AI觀察,波段,2026-06-12,124.56999969482422,115.39079925537109,149770040.0,131046240.0,True,13.14%,5.74%,,,
INTC,政策/AI觀察,波段,2026-06-15,127.86000061035156,115.50839935302734,149276760.0,132053840.0,True,3.46%,9.21%,,,
INTC,政策/AI觀察,波段,2026-06-16,117.05000305175781,115.01279937744141,145944660.0,131556313.33333333,True,12.47%,8.52%,,,
INTC,政策/AI觀察,波段,2026-06-17,121.0999984741211,115.03239929199219,144478940.0,132132191.66666667,True,9.72%,-0.62%,,,
INTC,政策/AI觀察,波段,2026-06-23,132.27999877929688,117.52119964599609,148472280.0,136272876.66666666,True,5.56%,,,,
INTC,政策/AI觀察,波段,2026-06-24,131.64999389648438,118.46039947509766,142798100.0,136849368.33333334,True,-3.52%,,,,
INTC,政策/AI觀察,波段,2026-06-25,132.8699951171875,119.34319915771485,144250880.0,137482581.66666666,True,-9.42%,,,,
INTC,政策/AI觀察,弱量續攻,2026-06-29,131.72000122070312,120.24639953613281,113287580.0,137172370.0,True,,,,,
INTC,政策/AI觀察,弱量續攻,2026-06-30,139.6300048828125,121.03799987792969,110091580.0,137170078.33333334,True,,,,,
INTC,政策/AI觀察,縮量黑馬,2026-07-06,122.19999694824219,121.17359985351563,109576720.0,136002730.0,True,,,,,
